peptide,AP(sim),ALT(sim),logPmol,DarkGrayDot,BlueHighlight,OrangeHighlight
WPW,3.0,0.046875,1.6919999999999995,N,N,N
WPP,2.607,0.0526041666666666,0.4742000000000005,N,N,N
PPP,2.556,0.0541666666666666,-0.7435999999999978,N,N,N
PFP,3.025,0.0630208333333333,-0.0070999999999986,N,N,N
WPI,2.869,0.0645833333333333,1.0141000000000018,N,N,N
PYP,2.999,0.0651041666666666,-0.3014999999999996,N,N,N
FPP,3.096,0.0651041666666666,-0.0070999999999986,N,N,N
PWP,3.073,0.065625,0.4742000000000009,N,N,N
FPI,3.289,0.065625,0.532800000000001,N,N,N
WPY,2.767,0.0682291666666666,0.9163000000000006,N,N,N
FPW,3.299,0.0697916666666666,1.2107000000000012,N,N,N
IPL,2.381,0.0713541666666666,0.336200000000003,N,N,N
IPI,2.807,0.071875,0.336200000000003,N,N,N
WPF,3.417,0.0734374999999999,1.2107,N,N,N
YPY,2.71,0.0755208333333333,0.1406000000000008,N,N,N
LPP,2.803,0.0760416666666666,-0.2036999999999967,N,N,N
MPF,2.757,0.0765625,0.2398000000000023,N,N,N
WPM,2.823,0.0765625,0.721100000000001,N,N,N
IPF,3.092,0.0796875,0.5328000000000018,N,N,N
PPW,2.912,0.0802083333333333,0.4742000000000021,N,N,N
MPV,2.267,0.0809523809523809,-0.3468999999999973,N,N,N
VPF,2.569,0.0817708333333333,0.1427000000000027,N,N,N
IPV,2.474,0.0822916666666666,-0.0538999999999967,N,N,N
FPY,3.24,0.0833333333333333,0.4350000000000009,N,N,N
WPC,2.583,0.0864583333333333,-0.1021999999999995,N,N,N
VPP,2.584,0.0869791666666666,-0.5937999999999972,N,N,N
YPI,3.084,0.0901041666666666,0.238400000000001,N,N,N
FPF,3.615,0.0911458333333333,0.7294000000000007,N,N,N
YPA,2.197,0.0916666666666666,-0.7877999999999983,N,N,N
YPV,2.774,0.0921874999999999,-0.1516999999999986,N,N,N
IPP,2.782,0.0937499999999999,-0.2036999999999967,N,N,N
MPI,2.958,0.09375,0.0432000000000034,N,N,N
PPY,2.932,0.0947916666666666,-0.3014999999999982,N,N,N
FPM,3.314,0.0963541666666666,0.2398000000000013,N,N,N
PLP,2.646,0.0963541666666666,-0.2036999999999967,N,N,N
YPF,3.306,0.0968749999999999,0.4350000000000008,N,N,N
FPL,3.145,0.0973958333333333,0.532800000000001,N,N,N
MPP,2.749,0.0979166666666666,-0.4966999999999972,N,N,N
YPP,3.093,0.0984375,-0.3014999999999987,N,N,N
PPA,2.374,0.0994791666666666,-1.229899999999996,Y,N,N
LPC,2.642,0.1010416666666666,-0.7800999999999967,N,N,N
YPM,2.744,0.1036458333333333,-0.0545999999999984,N,N,N
WWP,3.367,0.10625,1.6919999999999995,N,N,N
WLP,2.73,0.1078124999999999,1.014100000000001,N,N,N
PVP,2.962,0.1083333333333333,-0.5937999999999966,N,N,N
APF,2.62,0.1088541666666666,-0.4933999999999975,N,N,N
CPM,2.756,0.109375,-1.0730999999999964,Y,N,Y
CPP,2.57,0.1098958333333333,-1.3199999999999974,Y,N,N
FPV,3.151,0.1098958333333333,0.142700000000002,N,N,N
CPL,2.4,0.1114583333333333,-0.7800999999999969,N,N,N
CPF,2.943,0.1119791666666666,-0.5834999999999981,N,N,N
LWP,3.079,0.1130208333333333,1.014100000000001,N,N,N
IPC,2.635,0.1130208333333333,-0.7800999999999967,N,N,N
YWP,3.322,0.1135416666666666,0.9162999999999994,N,N,N
PIP,2.947,0.1135416666666666,-0.2036999999999967,N,N,N
PPI,3.059,0.1140625,-0.2036999999999967,N,N,N
GPF,2.656,0.1140625,-0.8818999999999959,N,N,N
WMP,2.825,0.1156249999999999,0.7211000000000007,N,N,N
VWP,2.665,0.1161458333333333,0.6240000000000011,N,N,N
PPM,3.195,0.1161458333333333,-0.4966999999999963,N,N,N
WYP,3.214,0.1166666666666666,0.9162999999999994,N,N,N
PMP,3.077,0.1177083333333333,-0.4966999999999963,N,N,N
PPF,3.236,0.1177083333333333,-0.0070999999999973,N,N,N
MPM,2.815,0.1197916666666666,-0.2497999999999963,N,N,N
YIP,2.982,0.1213541666666666,0.2384000000000009,N,N,N
IWP,2.725,0.1213541666666666,1.014100000000001,N,N,N
PAP,2.305,0.1213541666666666,-1.229899999999996,Y,N,N
MPC,2.994,0.1223958333333333,-1.0730999999999973,Y,N,Y
CPY,2.719,0.1223958333333333,-0.8778999999999988,N,N,N
APC,1.913,0.1229166666666666,-1.806299999999996,Y,N,N
YPC,3.012,0.1239583333333333,-0.8778999999999988,N,N,N
PPV,2.809,0.125,-0.5937999999999966,N,N,N
PPL,2.729,0.1270833333333333,-0.2036999999999967,N,N,N
FPG,2.564,0.1296874999999999,-0.8818999999999972,N,N,N
FWP,3.351,0.1338541666666666,1.2106999999999992,N,N,N
VYP,2.752,0.1348958333333333,-0.1516999999999981,N,N,N
IGP,1.929,0.1359375,-1.078499999999997,Y,N,N
WFE,2.082,0.1372549019607843,-0.7653999999999954,N,N,N
WIP,3.138,0.1385416666666666,1.014100000000001,N,N,N
RYE,1.721,0.1385416666666666,-5.340200000000001,Y,N,N
FPC,3.239,0.1411458333333333,-0.5834999999999988,N,N,N
WCP,2.771,0.1416666666666666,-0.1021999999999995,N,N,N
FPA,2.944,0.1416666666666666,-0.4933999999999984,N,N,N
CWP,2.402,0.1416666666666666,-0.1021999999999995,N,N,N
VFP,3.182,0.1421875,0.1427000000000027,N,N,N
YVP,3.113,0.1421875,-0.151699999999999,N,N,N
CPI,2.805,0.1442708333333333,-0.7800999999999969,N,N,N
ILP,2.63,0.1442708333333333,0.3362000000000026,N,N,N
DWW,2.037,0.1446022727272727,-0.674199999999995,N,N,N
WFP,3.747,0.1447916666666666,1.2107,N,N,N
IFP,3.255,0.1458333333333333,0.5328000000000009,N,N,N
PPC,3.075,0.15,-1.319999999999997,Y,N,N
PFR,2.269,0.1519886363636363,-3.0696999999999948,Y,N,N
YYP,2.943,0.1525568181818181,0.1405999999999999,N,N,N
CPC,2.742,0.1541666666666666,-1.8963999999999976,Y,N,Y
PGV,1.944,0.1541666666666666,-1.4685999999999964,Y,N,N
FNP,2.204,0.1546875,-1.6378999999999948,Y,N,N
IYP,3.274,0.1546875,0.2384000000000009,N,N,N
PFT,2.732,0.15625,-1.1324999999999956,Y,N,Y
YCP,3.313,0.15625,-0.877899999999999,N,N,N
VVP,2.686,0.1578125,-0.4439999999999966,N,N,N
FRI,2.033,0.1585227272727273,-0.7101299999999937,N,N,N
FDF,2.103,0.1588068181818182,-1.6367999999999938,Y,N,N
MYP,2.972,0.1619791666666666,-0.0545999999999983,N,N,N
NYC,1.701,0.1625,-2.5086999999999957,Y,N,N
LGC,1.569,0.1630208333333333,-1.654899999999997,Y,N,N
PAI,2.472,0.1640625,-0.689999999999996,N,N,N
WVY,2.875,0.1640625,1.0661000000000005,N,N,N
YMP,3.171,0.1645833333333333,-0.0545999999999985,N,N,N
MFP,3.365,0.1661458333333333,0.2398000000000014,N,N,N
IVP,2.681,0.1677083333333333,-0.0538999999999971,N,N,N
LIP,3.122,0.1682291666666666,0.336200000000003,N,N,N
YLP,3.065,0.1687499999999999,0.2384000000000009,N,N,N
PCP,3.378,0.16875,-1.3199999999999965,Y,N,N
ACV,2.071,0.1692708333333333,-1.6564999999999963,Y,N,N
IAP,2.12,0.1692708333333333,-0.6899999999999968,N,N,N
FLP,3.212,0.1697916666666666,0.5328000000000018,N,N,N
AIP,2.151,0.1703124999999999,-0.6899999999999968,N,N,N
CIP,2.997,0.1703125,-0.7800999999999971,N,N,N
FFP,3.748,0.1723958333333333,0.7293999999999998,N,N,N
IIP,3.243,0.1729166666666666,0.3362000000000025,N,N,N
WAA,1.834,0.1734375,-0.498399999999999,N,N,N
GFP,2.532,0.1734375,-0.8818999999999968,N,N,N
PLI,3.144,0.1739583333333333,0.3362000000000031,N,N,N
CYP,3.114,0.1744791666666666,-0.8778999999999999,N,N,N
PLV,2.95,0.175,-0.0538999999999967,N,N,N
WWY,3.021,0.175,2.134099999999999,N,N,N
FVP,3.448,0.175,0.1427000000000018,N,N,N
MLP,2.914,0.1755208333333333,0.0432000000000029,N,N,N
CFP,3.072,0.1760416666666666,-0.5834999999999992,N,N,N
AFP,2.801,0.1770833333333333,-0.4933999999999978,N,N,N
PAY,2.465,0.178125,-0.7877999999999983,N,N,N
LLP,2.628,0.1791666666666666,0.3362000000000026,N,N,N
FYP,3.813,0.1796875,0.4349999999999999,N,N,N
YYT,2.326,0.1802083333333333,-0.984799999999999,N,N,N
VIP,2.925,0.1802083333333333,-0.053899999999997,N,N,N
PMV,3.217,0.1802083333333333,-0.3468999999999964,N,N,N
ACP,2.113,0.18125,-1.806299999999996,Y,N,N
YFP,3.618,0.1833333333333333,0.4349999999999999,N,N,N
FIP,3.304,0.1848958333333333,0.5328000000000018,N,N,N
PGI,2.525,0.1848958333333333,-1.078499999999997,Y,N,Y
DYF,2.092,0.1850490196078431,-1.9311999999999931,Y,N,N
LAI,2.374,0.1859374999999999,-0.150099999999996,N,N,N
IAI,2.528,0.1859374999999999,-0.1500999999999962,N,N,N
VMP,3.303,0.1859375,-0.3468999999999975,N,N,N
WCI,2.889,0.1864583333333333,0.4377000000000008,N,N,N
LFP,3.484,0.1869791666666666,0.5328000000000009,N,N,N
PLG,2.106,0.1869791666666666,-1.0784999999999962,Y,N,N
PCV,2.776,0.1869791666666666,-1.1701999999999968,Y,N,Y
MVP,3.095,0.1869791666666667,-0.3468999999999966,N,N,N
PAA,2.277,0.1892857142857142,-1.7161999999999962,Y,N,N
CVP,2.796,0.1927083333333333,-1.1701999999999984,Y,N,Y
PIC,2.911,0.1927083333333333,-0.7800999999999969,N,N,N
CAP,2.334,0.1927083333333333,-1.806299999999997,Y,N,N
PFI,3.571,0.1937499999999999,0.532800000000001,N,N,N
IGI,2.129,0.1937499999999999,-0.5385999999999973,N,N,N
PIA,2.482,0.1942708333333333,-0.6899999999999964,N,N,N
LCP,2.836,0.1947916666666666,-0.7800999999999971,N,N,N
PAL,2.606,0.1963541666666666,-0.689999999999996,N,N,N
PGP,2.364,0.1989583333333333,-1.618399999999995,Y,N,N
FYR,2.001,0.1994318181818181,-2.627599999999995,Y,N,N
EWW,2.249,0.1999999999999999,-0.284099999999995,N,N,N
PCW,2.976,0.2005208333333333,-0.1021999999999981,N,N,N
VMY,2.261,0.2010416666666666,0.0952000000000011,N,N,N
YNY,2.689,0.2015625,-1.4901999999999964,Y,N,Y
ICP,2.98,0.2020833333333333,-0.7800999999999971,N,N,N
FMP,3.311,0.2020833333333333,0.2398000000000012,N,N,N
YLW,3.021,0.2023809523809523,1.4562000000000013,N,N,N
MIP,3.396,0.2026041666666667,0.0432000000000033,N,N,N
PAC,2.512,0.203125,-1.806299999999996,Y,N,Y
FLR,2.003,0.2034090909090909,-2.5297999999999936,Y,N,N
PAV,2.56,0.2046875,-1.0800999999999965,Y,N,N
PYV,3.045,0.2046875,-0.1516999999999985,N,N,N
VCP,2.923,0.2052083333333333,-1.1701999999999977,Y,N,Y
DFW,2.057,0.205965909090909,-1.1554999999999938,Y,N,N
NMI,1.898,0.2062499999999999,-1.5875999999999957,Y,N,N
IFR,2.032,0.2088068181818181,-2.5297999999999945,Y,N,N
SFC,1.78,0.2098958333333333,-2.0973999999999946,Y,N,N
IGC,1.93,0.2104166666666666,-1.654899999999997,Y,N,N
MAP,2.542,0.2104166666666667,-0.9829999999999964,N,N,N
MGP,2.374,0.2119791666666666,-1.3714999999999962,Y,N,N
PVA,2.641,0.2119791666666666,-1.0800999999999958,Y,N,N
FAP,2.743,0.2125,-0.4933999999999978,N,N,N
PLY,2.608,0.2125,0.2384000000000019,N,N,N
PVL,2.863,0.2130208333333333,-0.053899999999997,N,N,N
PML,3.293,0.2130208333333333,0.0432000000000033,N,N,N
PCI,3.365,0.2130208333333333,-0.7800999999999971,N,N,N
IMP,3.204,0.2130208333333333,0.0432000000000029,N,N,N
YLI,3.134,0.2135416666666666,0.7783000000000009,N,N,N
CLP,3.079,0.2135416666666666,-0.7800999999999971,N,N,N
FRD,2.336,0.2145833333333333,-5.435900000000008,Y,N,N
QYC,1.823,0.2151041666666666,-2.118599999999996,Y,N,N
FSP,2.286,0.2151041666666666,-1.5209999999999957,Y,N,N
WGY,2.214,0.2161458333333333,0.0415000000000006,N,N,N
DWF,2.249,0.2164772727272727,-1.1554999999999938,Y,N,N
IMI,3.449,0.2166666666666666,0.583100000000003,N,N,N
CAW,2.216,0.2166666666666667,-0.5884999999999987,N,N,N
WYL,2.642,0.2172222222222222,1.4562000000000002,N,N,N
FFD,2.296,0.2176136363636364,-1.6367999999999956,Y,N,N
PLF,3.117,0.2177083333333333,0.5328000000000027,N,N,N
CMP,3.026,0.2182291666666666,-1.0730999999999975,Y,N,N
WAC,2.406,0.2182291666666667,-0.5884999999999991,N,N,N
PAM,2.825,0.2192708333333333,-0.9829999999999964,N,N,N
PIV,3.012,0.2208333333333333,-0.0538999999999967,N,N,N
VLF,2.703,0.2208333333333333,0.6826000000000024,N,N,N
PMI,3.551,0.2208333333333333,0.0432000000000034,N,N,N
YLV,2.721,0.2229166666666666,0.3882000000000019,N,N,N
FCP,3.723,0.2234375,-0.583499999999999,N,N,N
WWD,2.216,0.2244318181818181,-0.6741999999999968,N,N,N
AWC,2.277,0.2244791666666666,-0.5884999999999982,N,N,N
FGQ,1.845,0.2249999999999999,-2.122599999999996,Y,N,N
PLM,3.002,0.2255208333333333,0.0432000000000034,N,N,N
LMP,2.965,0.2255208333333333,0.0432000000000033,N,N,N
WIY,3.058,0.2255208333333333,1.4562000000000013,N,N,N
PCC,3.373,0.2265625,-1.8963999999999968,Y,N,N
AIC,2.225,0.2270833333333333,-1.2663999999999966,Y,N,N
ALW,2.217,0.2276041666666667,0.5278000000000027,N,N,N
IAL,2.268,0.228125,-0.1500999999999969,N,N,N
WYY,2.876,0.2285714285714286,1.3583999999999985,N,N,N
PVG,2.193,0.2291666666666666,-1.468599999999996,Y,N,N
CIA,2.215,0.2302083333333333,-1.266399999999997,Y,N,N
CVA,2.021,0.2302083333333333,-1.6564999999999974,Y,N,N
CFS,1.972,0.2307291666666666,-2.0973999999999955,Y,N,N
YCL,2.964,0.2307291666666666,-0.3379999999999989,N,N,N
VWL,2.916,0.2307291666666666,1.1639000000000017,N,N,N
WLV,2.664,0.2311111111111111,1.1639000000000017,N,N,N
YIL,3.108,0.23125,0.7783000000000007,N,N,N
YIY,2.546,0.2321428571428571,0.680500000000001,N,N,N
YIV,2.979,0.2322916666666666,0.3882000000000019,N,N,N
ACI,2.557,0.2322916666666666,-1.2663999999999969,Y,N,N
VLW,2.678,0.2328124999999999,1.1639000000000024,N,N,N
MAI,2.557,0.2328125,-0.4430999999999958,N,N,N
PCY,2.957,0.2328125,-0.8778999999999979,N,N,N
FIR,2.016,0.234375,-2.5297999999999936,Y,N,N
LCG,1.956,0.2354166666666667,-1.654899999999997,Y,N,N
MLW,2.892,0.2354166666666667,1.2610000000000026,N,N,N
EFW,2.069,0.2358455882352941,-0.7653999999999936,N,N,N
WIL,3.111,0.2359375,1.5540000000000014,N,N,N
RFM,2.134,0.2363636363636363,-1.0031299999999956,Y,N,N
VGF,2.223,0.2364583333333333,-0.7320999999999953,N,N,N
ICG,2.278,0.2364583333333333,-1.654899999999997,Y,N,N
WMV,2.896,0.2369791666666666,0.870900000000001,N,N,N
LFK,2.06,0.2372159090909091,-0.5611999999999939,N,N,N
FYT,2.485,0.2375,-0.690399999999999,N,N,N
IWL,2.873,0.2380952380952381,1.5540000000000012,N,N,N
YCV,2.835,0.2385416666666666,-0.7280999999999993,N,N,N
PCL,3.005,0.2385416666666666,-0.7800999999999971,N,N,N
FCN,2.346,0.2385416666666666,-2.214299999999997,Y,N,N
IGM,2.008,0.2390625,-0.831599999999997,N,N,N
YAY,2.862,0.2401041666666666,-0.3456999999999992,N,N,N
PMY,2.809,0.2411458333333333,-0.0545999999999976,N,N,N
VLL,2.839,0.2421875,0.486000000000003,N,N,N
YMY,3.284,0.2421875,0.3875000000000012,N,N,N
YGP,2.596,0.2421875,-1.1762999999999986,Y,N,N
RFY,2.084,0.2426136363636364,-2.6275999999999904,Y,N,N
YYN,3.06,0.2427083333333333,-1.490199999999997,Y,N,N
RWW,2.122,0.2431818181818181,-1.370599999999992,Y,N,N
VIA,2.129,0.2432291666666666,-0.5401999999999967,N,N,N
ILM,3.224,0.2432291666666667,0.5831000000000027,N,N,N
LCY,2.563,0.2432291666666667,-0.3379999999999982,N,N,N
VCV,2.771,0.24375,-1.0203999999999969,Y,N,N
PIM,3.324,0.24375,0.0432000000000033,N,N,N
PCM,3.489,0.2442708333333333,-1.0730999999999975,Y,N,N
LAF,2.822,0.2453125,0.0465000000000032,N,N,N
EYF,2.188,0.2465073529411765,-1.5410999999999933,Y,N,N
GCI,2.218,0.2473958333333333,-1.654899999999997,Y,N,N
IAF,2.986,0.2473958333333333,0.0465000000000032,N,N,N
YVV,2.918,0.2473958333333333,-0.0018999999999986,N,N,N
CIF,3.528,0.2479166666666666,-0.0435999999999973,N,N,N
AAF,2.312,0.2479166666666666,-0.9796999999999952,N,N,N
VCY,2.482,0.2479166666666666,-0.7280999999999984,N,N,N
WLI,3.185,0.2484375,1.5540000000000012,N,N,N
VMW,2.707,0.2488095238095238,0.8709000000000016,N,N,N
LLI,2.957,0.2489583333333333,0.8761000000000028,N,N,N
YMI,3.187,0.2489583333333333,0.4853000000000012,N,N,N
VLI,3.029,0.2494791666666667,0.486000000000003,N,N,N
MMP,3.641,0.2505208333333333,-0.2497999999999965,N,N,N
CCP,3.221,0.2510416666666666,-1.8963999999999968,Y,N,N
MAV,2.534,0.2510416666666666,-0.8331999999999968,N,N,N
IML,2.944,0.2520833333333332,0.5831000000000027,N,N,N
ICI,3.223,0.2520833333333333,-0.2401999999999976,N,N,N
MII,3.328,0.2526041666666667,0.5831000000000027,N,N,N
CLA,2.053,0.2526041666666667,-1.266399999999997,Y,N,N
PIY,3.038,0.2526041666666667,0.2384000000000019,N,N,N
VAF,2.881,0.253125,-0.3435999999999963,N,N,N
PGL,2.23,0.2536458333333333,-1.078499999999997,Y,N,N
CAI,2.558,0.2536458333333333,-1.266399999999996,Y,N,N
CYI,2.927,0.2541666666666666,-0.3379999999999991,N,N,N
VYY,2.986,0.2552083333333333,0.2904000000000013,N,N,N
YML,3.118,0.25625,0.485300000000001,N,N,N
YCA,2.426,0.25625,-1.364199999999999,Y,N,N
PIL,3.075,0.2566666666666666,0.336200000000003,N,N,N
FGT,2.201,0.2567708333333333,-2.0072999999999963,Y,N,N
MCP,3.537,0.2572916666666667,-1.0730999999999968,Y,N,N
PYL,3.042,0.2572916666666667,0.238400000000001,N,N,N
ACW,2.319,0.2577777777777778,-0.5884999999999978,N,N,N
PAF,2.969,0.2578125,-0.4933999999999975,N,N,N
FCQ,2.255,0.2583333333333333,-1.8241999999999967,Y,N,N
LIF,3.242,0.2588541666666666,1.0727000000000022,N,N,N
FCR,2.006,0.2590909090909091,-3.6460999999999952,Y,N,N
GAF,2.338,0.2593749999999999,-1.368199999999995,Y,N,N
PFL,3.417,0.2593749999999999,0.532800000000001,N,N,N
CVC,2.755,0.2593749999999999,-1.746599999999998,Y,N,N
FFE,2.332,0.2598651960784313,-1.246699999999996,Y,N,N
ICY,2.578,0.2598958333333332,-0.3379999999999982,N,N,N
SMM,2.311,0.2598958333333333,-1.7636999999999952,Y,N,N
PLC,2.8,0.2598958333333333,-0.7800999999999969,N,N,N
IIF,3.4,0.26,1.0727000000000022,N,N,N
CAM,2.533,0.26,-1.5593999999999968,Y,N,N
YVM,3.056,0.2604166666666666,0.0952000000000009,N,N,N
AII,2.585,0.2609375,-0.1500999999999971,N,N,N
MCI,3.332,0.2614583333333333,-0.533199999999997,N,N,N
PMG,2.657,0.2614583333333333,-1.3714999999999955,Y,N,N
LFR,2.0,0.2616477272727272,-2.5297999999999945,Y,N,N
IYY,2.857,0.2619791666666666,0.680500000000001,N,N,N
QFI,2.213,0.2622222222222222,-0.7078999999999955,N,N,N
FGN,2.031,0.2624999999999999,-2.512699999999996,Y,N,N
FRE,2.322,0.2625,-5.045800000000006,Y,N,N
FMT,2.787,0.2625,-0.885599999999996,N,N,N
FLY,3.504,0.2625,0.974900000000002,N,N,N
FCH,2.089,0.2625,-1.1238999999999968,Y,N,N
WIC,2.834,0.2630208333333333,0.4377000000000018,N,N,N
WML,2.797,0.2630208333333333,1.2610000000000006,N,N,N
GVM,2.124,0.2635416666666666,-1.2216999999999965,Y,N,N
VLV,3.035,0.2635416666666667,0.0959000000000029,N,N,N
CFN,2.234,0.2640624999999999,-2.214299999999996,Y,N,N
ILV,3.032,0.2640625,0.4860000000000027,N,N,N
VCW,2.869,0.2645833333333333,0.0476000000000018,N,N,N
YYL,3.225,0.2645833333333333,0.680500000000001,N,N,N
YVI,3.18,0.2651041666666667,0.3882000000000017,N,N,N
YIM,3.055,0.265625,0.485300000000001,N,N,N
PCA,2.554,0.265625,-1.806299999999996,Y,N,N
MWL,3.266,0.2661111111111111,1.2610000000000017,N,N,N
VWC,2.764,0.2661458333333333,0.0476000000000009,N,N,N
CCV,3.115,0.2661458333333333,-1.746599999999997,Y,N,N
YII,2.874,0.2666666666666666,0.7783000000000015,N,N,N
WCV,2.901,0.2666666666666666,0.0476000000000005,N,N,N
FQA,1.85,0.2666666666666666,-1.734099999999995,Y,N,N
PVM,3.542,0.2671874999999999,-0.3468999999999968,N,N,N
YMW,2.787,0.2671874999999999,1.163200000000001,N,N,N
YYY,3.413,0.2671874999999999,0.5827,N,N,N
MGW,1.957,0.2677083333333333,-0.1536999999999971,N,N,N
IIA,2.479,0.2677083333333333,-0.1500999999999969,N,N,N
ILG,2.357,0.2682291666666666,-0.5385999999999969,N,N,N
CWL,2.453,0.2684523809523809,0.4377000000000009,N,N,N
YAL,2.553,0.26875,-0.2478999999999976,N,N,N
CCI,3.131,0.26875,-1.356499999999997,Y,N,N
PYY,3.261,0.2692708333333333,0.1406000000000012,N,N,N
CLW,2.737,0.2697916666666666,0.4377000000000026,N,N,N
FAI,3.403,0.2703124999999999,0.0465000000000023,N,N,N
VCC,2.752,0.2703125,-1.746599999999997,Y,N,N
LLV,2.776,0.2703125,0.4860000000000029,N,N,N
MLI,3.069,0.2703125,0.5831000000000031,N,N,N
ILW,2.835,0.2703125,1.5540000000000025,N,N,N
QMM,2.338,0.2708333333333333,-1.4904999999999955,Y,N,N
WVL,2.883,0.2711111111111111,1.1639000000000017,N,N,N
LCV,2.985,0.2713541666666666,-0.630299999999997,N,N,N
CII,3.228,0.2714285714285714,-0.2401999999999972,N,N,N
ILI,3.144,0.2714285714285714,0.8761000000000025,N,N,N
AMV,2.519,0.2722222222222222,-0.8331999999999968,N,N,N
PCG,2.418,0.2723958333333333,-2.1947999999999963,Y,N,N
CIW,2.855,0.2723958333333333,0.4377000000000026,N,N,N
VCI,3.326,0.2723958333333333,-0.6302999999999974,N,N,N
PVC,3.128,0.2723958333333333,-1.1701999999999964,Y,N,N
MAY,2.313,0.2723958333333333,-0.5408999999999977,N,N,N
PVV,3.186,0.2729166666666666,-0.4439999999999968,N,N,N
VMI,3.234,0.2734375,0.1930000000000032,N,N,N
PMA,2.654,0.2738095238095238,-0.982999999999996,N,N,N
WIV,3.056,0.2738888888888889,1.1639000000000017,N,N,N
YLF,3.164,0.2739583333333333,0.9749000000000008,N,N,N
FAY,2.934,0.2739583333333333,-0.051299999999998,N,N,N
WCL,2.983,0.275,0.4377000000000008,N,N,N
LVI,3.155,0.275,0.4860000000000025,N,N,N
LII,3.35,0.2755208333333333,0.8761000000000021,N,N,N
AIM,2.372,0.2760416666666667,-0.4430999999999966,N,N,N
FAL,3.068,0.2760416666666667,0.0465000000000023,N,N,N
CVF,2.953,0.2761904761904761,-0.4336999999999977,N,N,N
FCT,2.462,0.2765625,-1.7088999999999968,Y,N,N
YWW,3.343,0.2770833333333334,2.1340999999999983,N,N,N
LFT,2.883,0.2776041666666666,-0.5925999999999971,N,N,N
CAL,2.226,0.2781249999999999,-1.266399999999996,Y,N,N
YLM,2.728,0.278125,0.4853000000000012,N,N,N
IMV,3.19,0.2786458333333333,0.1930000000000029,N,N,N
QFC,2.059,0.2786458333333333,-1.8241999999999936,Y,N,N
KWW,2.043,0.2787377450980392,0.5980000000000052,N,N,N
MLF,3.239,0.2794444444444444,0.7797000000000027,N,N,N
CCG,2.343,0.2796875,-2.7711999999999977,Y,N,N
MIV,3.409,0.2796875,0.1930000000000031,N,N,N
ICL,3.188,0.2796875,-0.2401999999999974,N,N,N
CWA,2.495,0.2802083333333333,-0.5884999999999996,N,N,N
VYL,2.579,0.2802083333333333,0.3882000000000011,N,N,N
YIC,2.998,0.2807291666666666,-0.3379999999999991,N,N,N
FGS,2.275,0.2807291666666666,-2.3957999999999964,Y,N,N
ICF,3.235,0.2807291666666667,-0.0435999999999973,N,N,N
PCF,3.434,0.2807291666666667,-0.5834999999999977,N,N,N
CLY,2.642,0.28125,-0.337999999999998,N,N,N
MVI,3.029,0.2817708333333333,0.193000000000003,N,N,N
PMM,3.61,0.2817708333333333,-0.2497999999999963,N,N,N
YCI,3.186,0.2817708333333333,-0.3379999999999989,N,N,N
FYS,2.855,0.2822916666666666,-1.078899999999998,Y,N,N
FCY,3.131,0.2828124999999999,-0.1413999999999992,N,N,N
MIF,3.273,0.2828124999999999,0.7797000000000027,N,N,N
CGP,2.613,0.2828125,-2.194799999999997,Y,N,N
PVY,2.735,0.2828125,-0.1516999999999978,N,N,N
FCS,2.458,0.2833333333333332,-2.0973999999999964,Y,N,N
WCA,2.821,0.2833333333333333,-0.5884999999999991,N,N,N
QMF,2.392,0.2833333333333333,-1.0008999999999946,Y,N,N
WVI,3.223,0.2838541666666667,1.1639000000000017,N,N,N
LLL,2.817,0.2838541666666667,0.8761000000000028,N,N,N
FAV,3.274,0.2838541666666667,-0.343599999999997,N,N,N
LCI,3.242,0.284375,-0.2401999999999974,N,N,N
WLY,3.217,0.2854166666666666,1.4562000000000013,N,N,N
HFY,2.21,0.2859375,-0.1053999999999982,N,N,N
WWW,3.554,0.2859375,2.909799999999999,N,N,N
SFL,2.687,0.2864583333333333,-0.9810999999999968,N,N,N
MLM,3.149,0.2864583333333333,0.2901000000000036,N,N,N
GCC,2.421,0.2864583333333333,-2.771199999999997,Y,N,N
CCF,3.036,0.2869047619047619,-1.1598999999999986,Y,N,N
FMR,2.02,0.2869318181818182,-2.822799999999994,Y,N,N
VMF,3.311,0.2869791666666667,0.3896000000000018,N,N,N
CCW,2.649,0.2869791666666667,-0.678599999999999,N,N,N
CCL,3.042,0.2877777777777778,-1.356499999999997,Y,N,N
VCA,2.428,0.2880208333333333,-1.6564999999999963,Y,N,N
YCM,3.049,0.2880208333333333,-0.6309999999999996,N,N,N
LLW,3.02,0.2880208333333333,1.5540000000000025,N,N,N
ACY,2.43,0.2885416666666666,-1.364199999999998,Y,N,N
CLM,3.174,0.2885416666666666,-0.5331999999999968,N,N,N
CIY,2.939,0.2885416666666666,-0.337999999999998,N,N,N
VFQ,2.156,0.2888888888888889,-1.0979999999999952,Y,N,N
WIA,2.811,0.2890625,0.5278000000000018,N,N,N
CVV,2.834,0.2890625,-1.0203999999999978,Y,N,N
MFR,2.356,0.2892045454545454,-2.822799999999994,Y,N,N
CGM,2.184,0.2895833333333333,-1.9478999999999969,Y,N,N
YCW,2.993,0.2901041666666666,0.3399000000000004,N,N,N
KFF,2.362,0.2903799019607843,-0.3645999999999924,N,N,N
PMC,3.637,0.2911458333333332,-1.0730999999999964,Y,N,N
IGF,2.566,0.2911458333333332,-0.3419999999999962,N,N,N
VIF,3.335,0.2911458333333334,0.6826000000000024,N,N,N
YVY,3.057,0.2911458333333334,0.2904000000000006,N,N,N
IMW,3.024,0.2916666666666666,1.2610000000000026,N,N,N
MAM,2.852,0.2916666666666667,-0.7360999999999964,N,N,N
CVM,2.84,0.2916666666666667,-0.9232999999999972,N,N,N
WLM,3.369,0.2921875,1.2610000000000017,N,N,N
CLL,3.098,0.2921875,-0.2401999999999969,N,N,N
CWV,2.954,0.2921875,0.0476,N,N,N
ILC,3.144,0.2921875,-0.2401999999999974,N,N,N
YYQ,2.82,0.2927083333333333,-1.100099999999997,Y,N,N
FVG,2.806,0.2932291666666666,-0.7320999999999971,N,N,N
ICV,2.961,0.2932291666666666,-0.630299999999997,N,N,N
ACC,2.474,0.2932291666666667,-2.3826999999999967,Y,N,N
GCM,2.247,0.29375,-1.9478999999999969,Y,N,N
YMV,3.033,0.29375,0.0952000000000021,N,N,N
ACM,2.92,0.2942708333333333,-1.5593999999999977,Y,N,N
WLW,3.032,0.2942708333333333,2.231900000000001,N,N,N
PGC,2.391,0.2942708333333333,-2.194799999999996,Y,N,N
VCL,2.921,0.2944444444444444,-0.6302999999999974,N,N,N
LMV,3.147,0.2947916666666667,0.1930000000000031,N,N,N
WLF,3.459,0.2947916666666667,1.7506000000000013,N,N,N
MLV,3.317,0.2953125,0.1930000000000029,N,N,N
VLC,2.885,0.2958333333333333,-0.6302999999999972,N,N,N
WCC,3.085,0.2963541666666666,-0.6785999999999996,N,N,N
LGF,2.58,0.2963541666666666,-0.3419999999999962,N,N,N
YCY,2.92,0.2964285714285714,-0.4357999999999992,N,N,N
FGP,3.073,0.296875,-0.8818999999999977,N,N,N
FVI,3.397,0.296875,0.6826000000000015,N,N,N
VCM,2.936,0.2973958333333333,-0.923299999999998,N,N,N
MIW,2.981,0.2973958333333333,1.2610000000000026,N,N,N
LVC,2.64,0.2973958333333333,-0.6302999999999974,N,N,N
LCM,3.309,0.2979166666666666,-0.5331999999999979,N,N,N
CVL,2.715,0.2979166666666666,-0.6302999999999974,N,N,N
PGG,2.16,0.2979166666666666,-2.4931999999999963,Y,N,N
LFS,2.574,0.2984374999999999,-0.981099999999997,N,N,N
LCF,3.179,0.2984374999999999,-0.0435999999999973,N,N,N
VML,3.041,0.2984374999999999,0.1930000000000021,N,N,N
ALI,2.433,0.2984375,-0.1500999999999966,N,N,N
ACF,3.157,0.2984375,-1.0697999999999974,Y,N,N
LML,2.966,0.2989583333333334,0.583100000000003,N,N,N
GWL,2.593,0.2994791666666667,0.1393000000000021,N,N,N
YFI,3.936,0.2994791666666667,0.974900000000001,N,N,N
NCF,2.428,0.3,-2.2142999999999944,Y,N,N
MVW,3.115,0.3,0.870900000000003,N,N,N
PFY,3.409,0.3,0.4350000000000011,N,N,N
AMI,2.659,0.3005952380952381,-0.4430999999999962,N,N,N
IFS,2.61,0.3010416666666667,-0.981099999999997,N,N,N
MVY,2.542,0.3010416666666667,0.0952000000000028,N,N,N
VCF,3.564,0.3015625,-0.4336999999999968,N,N,N
FVA,2.93,0.3015625,-0.3435999999999981,N,N,N
LVW,2.872,0.3015625,1.1639000000000024,N,N,N
CCY,2.621,0.3015625,-1.4542999999999984,Y,N,N
VLM,3.202,0.3015625,0.1930000000000032,N,N,N
FLV,3.377,0.3026041666666667,0.6826000000000026,N,N,N
YYI,3.387,0.3026041666666667,0.680500000000001,N,N,N
YAC,2.581,0.3026041666666667,-1.3641999999999987,Y,N,N
VMG,2.308,0.303125,-1.2216999999999971,Y,N,N
AIF,3.072,0.303125,0.0465000000000032,N,N,N
LMY,2.865,0.3036458333333333,0.485300000000002,N,N,N
FLI,3.684,0.3036458333333333,1.0727000000000004,N,N,N
ALM,2.53,0.3038888888888889,-0.4430999999999962,N,N,N
IVY,2.795,0.3041666666666667,0.3882000000000028,N,N,N
CGF,2.274,0.3044444444444444,-1.458299999999997,Y,N,N
CCA,2.647,0.3046875,-2.382699999999997,Y,N,N
WII,3.263,0.3052083333333333,1.5540000000000014,N,N,N
IIM,3.068,0.3057291666666666,0.5831000000000027,N,N,N
LIV,3.064,0.3057291666666666,0.4860000000000029,N,N,N
VVM,2.842,0.3057291666666666,-0.197099999999997,N,N,N
AML,2.82,0.3062499999999999,-0.4430999999999966,N,N,N
FCI,3.592,0.3062499999999999,-0.043599999999999,N,N,N
ICC,3.182,0.3067708333333333,-1.3564999999999972,Y,N,N
LYI,2.887,0.3067708333333334,0.7783000000000009,N,N,N
LMC,3.163,0.3067708333333334,-0.5331999999999968,N,N,N
FFT,3.432,0.3067708333333334,-0.3959999999999989,N,N,N
LLC,2.846,0.3072916666666667,-0.2401999999999969,N,N,N
YAM,2.6,0.3078125,-0.5408999999999977,N,N,N
FCG,3.157,0.3078125,-1.458299999999998,Y,N,N
FCL,3.49,0.3078125,-0.043599999999999,N,N,N
PLA,2.627,0.3083333333333333,-0.6899999999999964,N,N,N
MVA,2.532,0.3088541666666666,-0.8331999999999968,N,N,N
MCL,3.258,0.3089285714285714,-0.5331999999999975,N,N,N
FLT,2.627,0.309375,-0.5925999999999958,N,N,N
CAF,2.909,0.3098958333333333,-1.0697999999999983,Y,N,N
FLL,3.457,0.3098958333333333,1.0727000000000004,N,N,N
IIG,2.253,0.3104166666666666,-0.5385999999999969,N,N,N
MVV,3.385,0.3109375,-0.1970999999999976,N,N,N
YVL,3.167,0.3109375,0.3882000000000017,N,N,N
MLY,2.823,0.3109375,0.4853000000000022,N,N,N
VVL,2.611,0.3114583333333333,0.0959000000000026,N,N,N
SYY,2.56,0.3114583333333333,-1.3732999999999982,Y,N,N
MLA,2.706,0.3114583333333333,-0.4430999999999966,N,N,N
EFF,2.389,0.3119485294117647,-1.2466999999999924,Y,N,N
WLG,2.681,0.3119791666666667,0.1393000000000021,N,N,N
CMW,2.765,0.3122222222222222,0.1447000000000017,N,N,N
YVA,2.588,0.3125,-0.6379999999999981,N,N,N
LMA,2.945,0.3135416666666666,-0.4430999999999962,N,N,N
CLV,2.757,0.3135416666666666,-0.630299999999997,N,N,N
CLI,3.335,0.3140624999999999,-0.2401999999999969,N,N,N
MMF,3.456,0.3140624999999999,0.4867000000000031,N,N,N
VWY,2.589,0.3140625,1.066100000000001,N,N,N
MVL,3.087,0.3140625,0.1930000000000025,N,N,N
IFT,2.965,0.3140625,-0.5925999999999971,N,N,N
FYY,3.533,0.3145833333333332,0.8770999999999995,N,N,N
LMG,2.443,0.3145833333333334,-0.8315999999999963,N,N,N
FMH,2.266,0.3145833333333334,-0.3005999999999963,N,N,N
YFR,2.366,0.3150568181818182,-2.627599999999995,Y,N,N
IIL,2.943,0.315625,0.8761000000000021,N,N,N
YFY,3.538,0.315625,0.8770999999999995,N,N,N
CMI,3.24,0.315625,-0.5331999999999968,N,N,N
LCC,3.128,0.3161458333333333,-1.3564999999999972,Y,N,N
LVF,3.22,0.3161458333333333,0.6826000000000035,N,N,N
FML,3.541,0.3166666666666666,0.7797000000000018,N,N,N
YFT,2.809,0.3166666666666666,-0.690399999999999,N,N,N
VMC,3.119,0.3166666666666667,-0.9232999999999976,N,N,N
WWI,3.603,0.3171875,2.2319,N,N,N
IWA,2.625,0.3171875,0.527800000000002,N,N,N
CIL,3.051,0.3171875,-0.2401999999999974,N,N,N
SLF,2.441,0.3171875,-0.9810999999999954,N,N,N
IFL,3.269,0.3182291666666666,1.0727000000000004,N,N,N
LWL,3.116,0.31875,1.5540000000000012,N,N,N
LCL,3.169,0.31875,-0.2401999999999974,N,N,N
VMV,3.065,0.3197916666666666,-0.1970999999999976,N,N,N
WLC,2.965,0.3203125,0.4377000000000018,N,N,N
IMC,3.304,0.3208333333333333,-0.533199999999997,N,N,N
FCA,3.326,0.3213541666666666,-1.0697999999999983,Y,N,N
FIY,3.306,0.3218749999999999,0.974900000000002,N,N,N
MVC,3.163,0.3218749999999999,-0.9232999999999968,N,N,N
QFV,2.318,0.3218749999999999,-1.0979999999999943,Y,N,N
MGV,2.481,0.3218749999999999,-1.2216999999999971,Y,N,N
MMM,3.67,0.3220238095238095,-0.0028999999999961,N,N,N
IVF,3.157,0.3223958333333332,0.6826000000000035,N,N,N
RFF,2.619,0.3232954545454545,-2.33319999999999,Y,N,N
LIW,2.957,0.3234375,1.5540000000000025,N,N,N
MCV,3.591,0.3234375,-0.9232999999999972,N,N,N
MAF,3.207,0.3239583333333333,-0.246499999999996,N,N,N
SMF,2.749,0.3244791666666666,-1.274099999999996,Y,N,N
GML,2.521,0.3244791666666666,-0.831599999999997,N,N,N
VIC,2.707,0.3244791666666667,-0.6302999999999972,N,N,N
NFI,2.569,0.3249999999999999,-1.097999999999996,Y,N,N
LMI,3.688,0.325,0.5831000000000031,N,N,N
VVC,2.448,0.3255208333333333,-1.020399999999996,Y,N,N
LLF,3.421,0.3255208333333333,1.0727000000000022,N,N,N
FLQ,2.342,0.3255208333333333,-0.707899999999996,N,N,N
WMI,3.55,0.3255208333333333,1.2610000000000017,N,N,N
MLC,3.358,0.3255208333333333,-0.533199999999997,N,N,N
FMQ,2.592,0.3260416666666667,-1.0008999999999957,Y,N,N
ICM,3.533,0.3265625,-0.5331999999999968,N,N,N
FAC,3.208,0.3265625,-1.069799999999998,Y,N,N
AFY,2.804,0.3265625,-0.0512999999999982,N,N,N
YVC,3.106,0.3270833333333333,-0.7280999999999993,N,N,N
MMV,3.736,0.3270833333333333,-0.0999999999999965,N,N,N
MLG,2.507,0.3276041666666666,-0.8315999999999966,N,N,N
NFV,2.372,0.3276041666666666,-1.4880999999999942,Y,N,N
LIC,3.235,0.3276041666666666,-0.2401999999999969,N,N,N
AFL,2.876,0.3276041666666666,0.0465000000000023,N,N,N
CYL,2.907,0.328125,-0.3379999999999991,N,N,N
LFQ,2.474,0.328125,-0.7078999999999969,N,N,N
MLL,3.078,0.3286458333333333,0.5831000000000027,N,N,N
IFN,2.889,0.3291666666666666,-1.0979999999999963,Y,N,N
LWG,2.894,0.3291666666666666,0.1393000000000023,N,N,N
MIY,2.834,0.3291666666666666,0.485300000000002,N,N,N
MCW,2.851,0.3291666666666666,0.1447000000000028,N,N,N
FVL,3.546,0.3296874999999999,0.6826000000000015,N,N,N
FCM,3.702,0.3296875,-0.3365999999999999,N,N,N
MGI,2.312,0.3302083333333334,-0.8315999999999966,N,N,N
FVR,2.131,0.3303977272727272,-2.919899999999994,Y,N,N
EWF,2.279,0.330514705882353,-0.7653999999999941,N,N,N
MAC,2.82,0.33125,-1.5593999999999968,Y,N,N
FMM,3.9,0.33125,0.4867000000000014,N,N,N
FII,3.526,0.33125,1.072700000000001,N,N,N
CFL,3.484,0.33125,-0.043599999999999,N,N,N
AMC,2.571,0.3316666666666666,-1.5593999999999963,Y,N,N
FVT,2.326,0.3317708333333333,-0.982699999999997,N,N,N
MCG,2.639,0.3317708333333333,-1.947899999999997,Y,N,N
VFL,3.029,0.3327380952380952,0.6826000000000018,N,N,N
MMY,3.037,0.3328124999999999,0.1923000000000023,N,N,N
IMY,2.93,0.3328125,0.485300000000002,N,N,N
ALF,2.612,0.3328125,0.0465000000000032,N,N,N
VII,3.171,0.3333333333333333,0.4860000000000023,N,N,N
CFI,3.5,0.3333333333333333,-0.043599999999999,N,N,N
CGC,2.39,0.3333333333333333,-2.771199999999998,Y,N,N
LYY,3.124,0.3333333333333333,0.680500000000001,N,N,N
QLF,2.562,0.3338541666666666,-0.7078999999999938,N,N,N
FLF,3.589,0.3338541666666666,1.2693000000000016,N,N,N
GCF,2.755,0.3338541666666667,-1.4582999999999962,Y,N,N
YGY,3.174,0.3338888888888889,-0.7341999999999991,N,N,N
AWL,2.657,0.334375,0.5278000000000018,N,N,N
CIC,3.3,0.3344444444444445,-1.3564999999999972,Y,N,N
VMM,3.447,0.3348958333333333,-0.0999999999999964,N,N,N
GFY,2.872,0.3348958333333333,-0.4397999999999981,N,N,N
ICA,2.727,0.3348958333333334,-1.266399999999997,Y,N,N
YYW,3.262,0.3354166666666667,1.3583999999999994,N,N,N
DFF,2.688,0.3363636363636363,-1.636799999999992,Y,N,N
MGL,2.54,0.3364583333333333,-0.831599999999997,N,N,N
GMC,2.439,0.3364583333333333,-1.9478999999999969,Y,N,N
MYA,2.324,0.3364583333333333,-0.5408999999999986,N,N,N
LMF,3.498,0.3369791666666666,0.7797000000000027,N,N,N
PYC,3.485,0.3369791666666666,-0.8778999999999988,N,N,N
LGM,2.219,0.3369791666666666,-0.8315999999999966,N,N,N
FWE,2.566,0.337438725490196,-0.7653999999999963,N,N,N
FCV,3.613,0.3374999999999999,-0.4336999999999982,N,N,N
LFN,2.73,0.3374999999999999,-1.0979999999999963,Y,N,N
RIF,2.21,0.3375,-0.7101299999999937,N,N,N
FGI,3.454,0.3380208333333332,-0.3419999999999971,N,N,N
CCM,3.66,0.3380208333333332,-1.649499999999998,Y,N,N
AYY,3.153,0.3380208333333334,-0.3456999999999983,N,N,N
IMM,3.552,0.3385416666666667,0.290100000000003,N,N,N
CIM,3.199,0.3388888888888888,-0.5331999999999968,N,N,N
CLC,2.953,0.3390625,-1.3564999999999972,Y,N,N
GIM,2.622,0.3390625,-0.831599999999997,N,N,N
CIV,2.973,0.3395833333333333,-0.630299999999997,N,N,N
WCM,3.028,0.3395833333333333,0.1447000000000008,N,N,N
TMM,2.422,0.3395833333333333,-1.3751999999999955,Y,N,N
YFW,3.519,0.3401041666666666,1.6527999999999994,N,N,N
LFI,3.799,0.3401041666666666,1.072700000000001,N,N,N
KFW,2.372,0.3403799019607843,0.1167000000000063,N,N,N
YCC,2.94,0.3410714285714286,-1.4542999999999988,Y,N,N
IFA,3.044,0.3411458333333334,0.0465000000000014,N,N,N
FAG,2.907,0.3416666666666666,-1.368199999999996,Y,N,N
MIL,3.202,0.3422619047619047,0.583100000000003,N,N,N
IFM,3.279,0.3422619047619048,0.779700000000001,N,N,N
FIL,3.569,0.3427083333333333,1.072700000000001,N,N,N
MMN,2.74,0.3427083333333334,-1.880599999999995,Y,N,N
YWI,3.707,0.3432291666666666,1.4562000000000002,N,N,N
IIN,2.04,0.3432291666666667,-1.2945999999999946,Y,N,N
FFL,3.811,0.34375,1.2693000000000003,N,N,N
FAM,3.335,0.3442708333333333,-0.2464999999999969,N,N,N
TLF,2.358,0.3442708333333333,-0.5925999999999951,N,N,N
NMM,2.79,0.3458333333333334,-1.8805999999999945,Y,N,N
CAC,2.91,0.3463541666666667,-2.3826999999999976,Y,N,N
IFY,3.007,0.346875,0.9749000000000008,N,N,N
MFI,3.816,0.3473958333333333,0.7797000000000021,N,N,N
YYM,3.313,0.3489583333333333,0.3875000000000004,N,N,N
IMA,2.771,0.3499999999999999,-0.4430999999999966,N,N,N
CMC,3.578,0.35,-1.649499999999998,Y,N,N
PFQ,2.649,0.3505208333333333,-1.2477999999999954,Y,N,N
ILF,3.474,0.3510416666666666,1.0727000000000022,N,N,N
YFV,3.577,0.3511904761904762,0.5847999999999997,N,N,N
MYL,3.149,0.3515624999999999,0.4853000000000013,N,N,N
CMM,3.837,0.3515625,-0.8261999999999963,N,N,N
IVM,3.093,0.3515625,0.1930000000000025,N,N,N
MCF,3.291,0.3516666666666667,-0.3365999999999968,N,N,N
MCY,2.997,0.3531249999999999,-0.6309999999999976,N,N,N
MIA,2.559,0.3531250000000001,-0.4430999999999962,N,N,N
CCC,3.358,0.3536458333333332,-2.472799999999998,Y,N,N
VIM,3.325,0.3536458333333334,0.193000000000003,N,N,N
MML,3.497,0.3536458333333334,0.2901000000000034,N,N,N
FYN,2.906,0.3541666666666667,-1.1957999999999966,Y,N,N
QYY,2.724,0.3541666666666667,-1.100099999999996,Y,N,N
PGM,3.14,0.3546875,-1.3714999999999962,Y,N,N
CMV,3.536,0.3546875,-0.9232999999999982,N,N,N
QFM,2.607,0.3552083333333333,-1.0008999999999957,Y,N,N
MCC,3.509,0.3552083333333333,-1.649499999999997,Y,N,N
MMS,2.962,0.3561111111111111,-1.7636999999999952,Y,N,N
GLF,3.129,0.35625,-0.3419999999999962,N,N,N
IMF,3.553,0.3572916666666667,0.7797000000000027,N,N,N
IIC,3.114,0.3572916666666667,-0.2401999999999974,N,N,N
FGW,3.103,0.3577777777777777,0.3359000000000017,N,N,N
CVI,3.091,0.3578125,-0.6302999999999974,N,N,N
CFY,3.358,0.3578125,-0.1413999999999996,N,N,N
GIF,3.091,0.3588541666666667,-0.3419999999999962,N,N,N
FWD,2.475,0.359375,-1.1554999999999962,Y,N,N
FGF,3.818,0.3598958333333333,-0.1453999999999981,N,N,N
AVF,2.649,0.3604166666666666,-0.3435999999999963,N,N,N
FIC,3.522,0.3604166666666666,-0.0435999999999981,N,N,N
LVV,3.105,0.3604166666666666,0.0959000000000025,N,N,N
WFD,2.474,0.3605113636363636,-1.1554999999999953,Y,N,N
IVC,3.135,0.3609374999999999,-0.6302999999999974,N,N,N
LMM,3.638,0.3614583333333334,0.2901000000000036,N,N,N
YYV,3.243,0.3619047619047619,0.2903999999999997,N,N,N
AMM,3.027,0.3625,-0.7360999999999964,N,N,N
FGL,2.841,0.3630208333333333,-0.3419999999999971,N,N,N
MMH,2.381,0.3635416666666666,-0.7901999999999949,N,N,N
FVV,3.513,0.3635416666666667,0.2925000000000015,N,N,N
CMY,3.68,0.3645833333333333,-0.6309999999999987,N,N,N
MGC,2.727,0.3645833333333333,-1.9478999999999969,Y,N,N
WMM,3.338,0.3661111111111111,0.9680000000000012,N,N,N
CYV,3.097,0.3661458333333334,-0.7280999999999993,N,N,N
MMI,3.551,0.3666666666666667,0.2901000000000036,N,N,N
FCC,3.753,0.3671875,-1.159899999999999,Y,N,N
MCA,2.974,0.3671875,-1.5593999999999968,Y,N,N
GFA,3.108,0.3671875,-1.368199999999996,Y,N,N
AWM,3.173,0.3671875,0.2348000000000014,N,N,N
MFV,3.561,0.3677083333333333,0.3896000000000018,N,N,N
CFC,3.261,0.3682291666666666,-1.159899999999999,Y,N,N
CLF,3.353,0.3692708333333334,-0.0435999999999973,N,N,N
AMF,3.132,0.3692708333333334,-0.246499999999996,N,N,N
FIV,3.392,0.3703125,0.6826000000000026,N,N,N
FIS,2.53,0.3708333333333333,-0.981099999999996,N,N,N
YFK,2.102,0.3716911764705882,-0.6589999999999943,N,N,N
FMI,3.754,0.371875,0.7797000000000012,N,N,N
CYY,3.204,0.3729166666666666,-0.4357999999999994,N,N,N
FVY,3.358,0.3729166666666667,0.5848000000000008,N,N,N
GFC,2.998,0.3734375,-1.458299999999997,Y,N,N
FIH,2.313,0.3734375,-0.0075999999999963,N,N,N
CML,3.61,0.3739583333333333,-0.5331999999999983,N,N,N
MFL,3.462,0.3749999999999999,0.779700000000001,N,N,N
MIC,3.259,0.375,-0.5331999999999968,N,N,N
CMA,3.325,0.3755208333333333,-1.5593999999999977,Y,N,N
IMG,2.779,0.3760416666666666,-0.8315999999999966,N,N,N
LYW,3.063,0.3765624999999999,1.4562000000000004,N,N,N
FAA,3.28,0.3765624999999999,-0.9796999999999958,N,N,N
AFW,3.541,0.3776041666666667,0.7244000000000013,N,N,N
LMW,3.123,0.378125,1.2610000000000026,N,N,N
MIG,2.555,0.3791666666666666,-0.8315999999999963,N,N,N
LIL,3.123,0.3807291666666667,0.8761000000000025,N,N,N
PFW,3.41,0.3807291666666667,1.2107000000000008,N,N,N
VIL,3.188,0.3821428571428571,0.4860000000000027,N,N,N
FMY,3.52,0.3822916666666666,0.6819000000000011,N,N,N
FLM,3.675,0.3822916666666666,0.7797000000000012,N,N,N
LIM,3.148,0.3822916666666667,0.583100000000003,N,N,N
MMC,3.852,0.3828125,-0.8261999999999963,N,N,N
MGF,2.943,0.3828125,-0.6349999999999962,N,N,N
IFC,3.453,0.3833333333333333,-0.043599999999999,N,N,N
YYF,3.405,0.3833333333333333,0.8770999999999993,N,N,N
CFA,3.447,0.3838541666666666,-1.069799999999999,Y,N,N
MYY,3.147,0.3838541666666666,0.3875000000000012,N,N,N
FFK,2.641,0.3846200980392156,-0.3645999999999951,N,N,N
FIT,2.497,0.3848958333333332,-0.5925999999999958,N,N,N
LLM,3.349,0.3848958333333332,0.5831000000000031,N,N,N
PFS,2.689,0.3859375,-1.5209999999999957,Y,N,N
CWW,3.45,0.3875,1.1155999999999997,N,N,N
AFM,3.846,0.3875,-0.2464999999999974,N,N,N
RFW,2.476,0.3875,-1.8518999999999908,Y,N,N
AWW,3.15,0.3901041666666667,1.205700000000001,N,N,N
FIG,3.147,0.3916666666666666,-0.3419999999999967,N,N,N
AMW,2.576,0.3916666666666666,0.2348000000000031,N,N,N
WWL,3.592,0.3932291666666667,2.2319,N,N,N
YYG,3.225,0.39375,-0.7342,N,N,N
RVF,2.052,0.3940340909090908,-2.9198999999999904,Y,N,N
LWA,3.1,0.3942708333333333,0.527800000000002,N,N,N
MCM,3.542,0.3953124999999999,-0.8261999999999976,N,N,N
MMW,3.346,0.3953124999999999,0.9680000000000026,N,N,N
MGM,2.896,0.3953125,-1.1245999999999965,Y,N,N
WIM,3.38,0.3958333333333333,1.2610000000000017,N,N,N
LFA,3.537,0.3963541666666666,0.0465000000000014,N,N,N
HMF,2.235,0.3963541666666667,-0.3005999999999959,N,N,N
MYC,3.325,0.396875,-0.6309999999999985,N,N,N
MFM,4.079,0.396875,0.4867000000000014,N,N,N
CFM,3.628,0.396875,-0.3365999999999986,N,N,N
MFA,3.243,0.3977777777777778,-0.2464999999999978,N,N,N
YMA,2.756,0.3979166666666666,-0.5408999999999984,N,N,N
CMG,3.034,0.3979166666666667,-1.947899999999998,Y,N,N
YMM,3.707,0.3984375,0.1923000000000014,N,N,N
LFL,3.695,0.3994791666666666,1.072700000000001,N,N,N
LWC,3.24,0.3994791666666666,0.4377000000000017,N,N,N
IWY,2.777,0.3994791666666666,1.4562000000000013,N,N,N
MVF,3.511,0.3999999999999999,0.3896000000000035,N,N,N
GFG,2.538,0.4005208333333334,-1.756699999999996,Y,N,N
IVI,3.126,0.4015625,0.4860000000000023,N,N,N
LVL,2.793,0.403125,0.4860000000000025,N,N,N
NWI,2.153,0.40625,-0.616699999999996,N,N,N
LFM,3.839,0.40625,0.7797000000000012,N,N,N
FFY,3.56,0.4078125000000001,1.171499999999999,N,N,N
FFR,2.841,0.4079545454545454,-2.3331999999999957,Y,N,N
FGG,2.993,0.4083333333333334,-1.7566999999999968,Y,N,N
IFG,3.21,0.409375,-0.341999999999998,N,N,N
QFL,2.522,0.409375,-0.7078999999999955,N,N,N
MVM,3.3,0.4094444444444444,-0.0999999999999966,N,N,N
LYC,2.947,0.4104166666666666,-0.3379999999999991,N,N,N
GYY,3.18,0.4111111111111111,-0.7341999999999982,N,N,N
YWF,3.74,0.4113095238095237,1.6527999999999985,N,N,N
PWW,2.938,0.4119791666666666,1.6920000000000002,N,N,N
YFL,3.518,0.4135416666666667,0.974900000000001,N,N,N
WFY,3.492,0.4166666666666666,1.6527999999999994,N,N,N
YMG,2.942,0.4166666666666667,-0.9293999999999976,N,N,N
CMF,3.436,0.4171875,-0.3365999999999982,N,N,N
VFG,3.333,0.4182291666666666,-0.7320999999999962,N,N,N
MIM,3.769,0.4192708333333333,0.2901000000000034,N,N,N
LVM,3.223,0.4197916666666666,0.193000000000003,N,N,N
WVC,3.043,0.4203125,0.0476000000000005,N,N,N
LFG,3.338,0.421875,-0.341999999999998,N,N,N
MFS,2.745,0.4234374999999999,-1.2740999999999965,Y,N,N
FLW,3.494,0.4234374999999999,1.7506000000000013,N,N,N
YYA,3.414,0.425,-0.3457,N,N,N
NYY,3.065,0.425,-1.4901999999999946,Y,N,N
SFM,2.674,0.4260416666666666,-1.274099999999997,Y,N,N
CWI,3.334,0.4265625,0.4377000000000009,N,N,N
WMG,3.135,0.4286458333333332,-0.1536999999999987,N,N,N
LFC,3.729,0.4286458333333333,-0.043599999999999,N,N,N
YGF,3.185,0.4291666666666666,-0.4397999999999981,N,N,N
RWF,2.502,0.4335227272727273,-1.8518999999999908,Y,N,N
YFM,3.659,0.4343749999999999,0.6819000000000002,N,N,N
CYW,2.962,0.4348958333333333,0.3399000000000004,N,N,N
FVC,3.327,0.4354166666666666,-0.4336999999999982,N,N,N
GFL,3.168,0.4380208333333333,-0.3419999999999967,N,N,N
FIA,3.35,0.4401041666666666,0.0465000000000023,N,N,N
KWF,2.465,0.4409926470588236,0.1167000000000061,N,N,N
YYC,3.462,0.4421874999999999,-0.4357999999999992,N,N,N
MWM,3.687,0.4458333333333333,0.9680000000000007,N,N,N
AFA,3.047,0.4458333333333333,-0.9796999999999958,N,N,N
VFF,3.909,0.4463541666666666,0.8792000000000021,N,N,N
FIQ,2.651,0.4473958333333332,-0.707899999999996,N,N,N
MFH,2.8,0.4477272727272728,-0.3005999999999963,N,N,N
WMC,3.192,0.4488888888888888,0.1447000000000009,N,N,N
WWF,3.77,0.4505208333333333,2.4284999999999988,N,N,N
VWW,3.03,0.4505555555555555,1.8418000000000003,N,N,N
FLS,2.528,0.4520833333333333,-0.981099999999996,N,N,N
VWG,2.658,0.453125,-0.2507999999999974,N,N,N
FFH,3.142,0.4541666666666666,0.1890000000000013,N,N,N
TFF,3.091,0.4541666666666666,-0.3959999999999967,N,N,N
PYA,3.043,0.4541666666666666,-0.7877999999999983,N,N,N
VFA,3.174,0.4544444444444444,-0.3435999999999972,N,N,N
MWC,3.031,0.4552083333333332,0.144700000000002,N,N,N
CFW,3.498,0.4566666666666667,0.6343000000000001,N,N,N
MMA,3.572,0.4567708333333333,-0.7360999999999964,N,N,N
LYM,3.031,0.4577380952380953,0.4853000000000012,N,N,N
FIM,3.707,0.4578125,0.7797000000000018,N,N,N
MFT,3.244,0.4578125,-0.8855999999999968,N,N,N
MWG,2.969,0.4604166666666666,-0.153699999999998,N,N,N
VYA,3.239,0.4661111111111111,-0.6379999999999972,N,N,N
MFC,3.815,0.4661458333333332,-0.3365999999999986,N,N,N
FLC,3.404,0.4666666666666667,-0.0435999999999981,N,N,N
LYV,2.846,0.4677083333333333,0.3882000000000019,N,N,N
YMC,3.514,0.46875,-0.6309999999999987,N,N,N
HFL,2.493,0.46875,-0.0075999999999972,N,N,N
FYH,2.477,0.471875,-0.1053999999999987,N,N,N
VYC,3.422,0.4729166666666666,-0.7280999999999984,N,N,N
FWK,2.585,0.4730392156862745,0.1167000000000033,N,N,N
GMI,3.029,0.4739583333333334,-0.8315999999999955,N,N,N
IWG,2.896,0.475,0.1393000000000023,N,N,N
KYF,2.244,0.4759191176470588,-0.6589999999999936,N,N,N
GMM,3.724,0.4770833333333333,-1.1245999999999965,Y,N,N
LFF,3.991,0.4776041666666666,1.2693000000000003,N,N,N
RYF,2.403,0.4789772727272727,-2.627599999999989,Y,N,N
LWW,3.345,0.4791666666666667,2.231900000000001,N,N,N
CYA,3.748,0.4802083333333333,-1.364199999999999,Y,N,N
LWY,2.868,0.48125,1.4562000000000013,N,N,N
YMF,3.335,0.4822916666666667,0.681900000000001,N,N,N
AYC,3.958,0.4822916666666667,-1.364199999999998,Y,N,N
VFY,3.321,0.4828125000000001,0.5848000000000014,N,N,N
FLG,3.272,0.4859374999999999,-0.3419999999999967,N,N,N
YFA,3.451,0.4864583333333334,-0.0513,N,N,N
FVQ,2.839,0.4869791666666667,-1.097999999999996,Y,N,N
VWA,2.66,0.4875,0.1377000000000021,N,N,N
GWC,3.377,0.4875,-0.9769999999999984,N,N,N
FWW,3.779,0.4880208333333333,2.428499999999998,N,N,N
YLC,3.509,0.4895833333333332,-0.3379999999999991,N,N,N
WFT,3.269,0.4932291666666666,0.0853000000000014,N,N,N
GYI,3.296,0.4953125,-0.6363999999999967,N,N,N
MFQ,3.06,0.4958333333333334,-1.0008999999999966,Y,N,N
HFF,2.915,0.4976190476190475,0.1890000000000026,N,N,N
CWM,3.255,0.5016666666666666,0.1447000000000008,N,N,N
AFG,3.463,0.5026041666666666,-1.368199999999996,Y,N,N
AFC,4.134,0.5031249999999999,-1.069799999999998,Y,N,N
FYL,3.605,0.5036458333333332,0.9749000000000008,N,N,N
SIF,3.025,0.5036458333333335,-0.9810999999999954,N,N,N
CYM,3.669,0.5036458333333335,-0.6309999999999987,N,N,N
AYM,3.89,0.5046875,-0.5408999999999984,N,N,N
FFM,3.849,0.5052083333333333,0.9763000000000006,N,N,N
NVF,2.821,0.5072222222222222,-1.4880999999999942,Y,N,N
LFW,3.513,0.5077777777777777,1.750600000000001,N,N,N
GVF,2.948,0.5088541666666667,-0.7320999999999953,N,N,N
NMW,2.541,0.509375,-0.9096999999999956,N,N,N
IYG,3.512,0.5094444444444445,-0.6363999999999976,N,N,N
GWM,3.063,0.5107142857142857,-0.1536999999999987,N,N,N
GCY,3.292,0.5109375,-1.752699999999998,Y,N,N
WFK,2.447,0.5117647058823529,0.1167000000000041,N,N,N
GMW,2.792,0.5135416666666667,-0.1536999999999971,N,N,N
PFG,3.319,0.5140625,-0.8818999999999972,N,N,N
CFG,3.213,0.5151041666666667,-1.458299999999998,Y,N,N
PYW,3.178,0.5187499999999999,0.9163000000000008,N,N,N
MFY,3.333,0.5208333333333334,0.6819000000000011,N,N,N
FYC,3.599,0.5244791666666667,-0.1413999999999992,N,N,N
MFF,3.601,0.5255208333333333,0.9763000000000006,N,N,N
FYG,3.626,0.5270833333333333,-0.4397999999999997,N,N,N
NFC,2.673,0.5286458333333334,-2.214299999999994,Y,N,N
IWF,3.541,0.5299999999999999,1.7506000000000013,N,N,N
AFF,3.624,0.5328125,0.2431000000000015,N,N,N
LWM,3.782,0.5354166666666665,1.2610000000000006,N,N,N
GIY,3.167,0.5375,-0.6363999999999972,N,N,N
CWF,3.607,0.5380208333333333,0.6343,N,N,N
CYG,3.632,0.5394444444444445,-1.752699999999999,Y,N,N
GMF,3.686,0.5401041666666666,-0.6349999999999958,N,N,N
YWG,2.77,0.5427083333333333,0.0414999999999997,N,N,N
VWF,3.5,0.5437500000000001,1.360500000000001,N,N,N
FMS,3.246,0.5458333333333333,-1.2740999999999956,Y,N,N
NMF,2.918,0.5463541666666667,-1.3909999999999942,Y,N,N
FYA,3.439,0.5468749999999999,-0.0512999999999997,N,N,N
MMG,3.628,0.5473958333333333,-1.124599999999996,Y,N,N
WWR,2.468,0.547443181818182,-1.3705999999999952,Y,N,N
QWW,2.989,0.5488888888888889,0.4513000000000053,N,N,N
LFV,3.671,0.5510416666666667,0.6826000000000018,N,N,N
AWF,3.553,0.5515625,0.724400000000001,N,N,N
QFW,2.764,0.5515625000000001,-0.0299999999999943,N,N,N
CYC,4.01,0.5526041666666667,-1.4542999999999993,Y,N,N
SVF,2.602,0.553125,-1.3711999999999942,Y,N,N
WFI,4.126,0.5533333333333333,1.7506000000000004,N,N,N
WFL,3.432,0.5536458333333333,1.7506000000000004,N,N,N
IWM,3.19,0.5541666666666667,1.2610000000000017,N,N,N
NFL,2.642,0.5572916666666666,-1.097999999999996,Y,N,N
FFV,3.673,0.5588541666666668,0.8791999999999999,N,N,N
LWV,3.448,0.559375,1.1639000000000017,N,N,N
FFS,3.161,0.5614583333333333,-0.784499999999998,N,N,N
VFW,3.342,0.5656249999999999,1.3605000000000018,N,N,N
LWF,3.76,0.5661458333333332,1.7506000000000013,N,N,N
SYF,2.883,0.5661458333333332,-1.0788999999999966,Y,N,N
WWT,3.052,0.5666666666666668,0.5666000000000002,N,N,N
FMN,2.683,0.5671875000000001,-1.390999999999995,Y,N,N
PWG,2.561,0.5672619047619049,-0.4005999999999987,N,N,N
WVM,3.508,0.56875,0.8709000000000007,N,N,N
HWF,2.931,0.56875,0.6703000000000022,N,N,N
HYF,2.747,0.5703125,-0.1053999999999982,N,N,N
FWR,2.474,0.5704545454545454,-1.8518999999999952,Y,N,N
IFW,3.325,0.5708333333333333,1.750600000000001,N,N,N
MWA,3.484,0.5708333333333333,0.2348000000000022,N,N,N
TMF,2.494,0.5711111111111111,-0.8855999999999962,N,N,N
CWC,3.993,0.5723958333333333,-0.6785999999999996,N,N,N
FIN,3.06,0.5744791666666667,-1.0979999999999956,Y,N,N
YFN,3.214,0.5744791666666668,-1.1957999999999958,Y,N,N
MFW,3.718,0.5750000000000001,1.4576000000000016,N,N,N
YFF,3.677,0.5770833333333333,1.171499999999999,N,N,N
WGL,2.861,0.5776041666666666,0.1393000000000019,N,N,N
GYW,3.236,0.5786458333333333,0.0415000000000015,N,N,N
MFN,3.309,0.5791666666666667,-1.390999999999995,Y,N,N
SFF,3.21,0.5796875,-0.7844999999999958,N,N,N
CYF,3.536,0.5809523809523809,-0.1413999999999994,N,N,N
PGA,3.046,0.5822916666666667,-2.104699999999996,Y,N,N
VFN,2.659,0.5822916666666667,-1.488099999999995,Y,N,N
FFW,3.85,0.5854166666666667,1.9471999999999992,N,N,N
WFF,3.529,0.5863095238095238,1.9471999999999992,N,N,N
GVY,3.506,0.5866666666666667,-1.0264999999999975,Y,N,N
GWI,3.239,0.5875,0.1393000000000021,N,N,N
SFI,2.632,0.5880208333333333,-0.9810999999999968,N,N,N
WFR,2.607,0.5880681818181818,-1.8518999999999943,Y,N,N
QYF,3.048,0.5885416666666666,-0.8056999999999952,N,N,N
QFF,3.137,0.5895833333333332,-0.5112999999999932,N,N,N
FWT,3.083,0.5895833333333333,0.0853000000000005,N,N,N
TWF,3.1,0.5901041666666667,0.0853000000000021,N,N,N
PWI,3.187,0.5911458333333334,1.014100000000001,N,N,N
YWN,2.893,0.5917613636363637,-0.7144999999999964,N,N,N
CFF,3.868,0.5932291666666666,0.1530000000000003,N,N,N
WGM,3.138,0.5932291666666667,-0.153699999999998,N,N,N
FVM,3.88,0.5953125,0.3896000000000018,N,N,N
GYF,3.363,0.5973958333333335,-0.4397999999999981,N,N,N
AYI,3.552,0.5984375000000001,-0.2478999999999985,N,N,N
NLF,2.969,0.5984375000000001,-1.0979999999999954,Y,N,N
WFW,3.548,0.5994791666666667,2.4284999999999988,N,N,N
AFI,3.768,0.6,0.0465000000000023,N,N,N
FMC,3.863,0.6015624999999999,-0.3365999999999977,N,N,N
HFW,2.801,0.6017857142857143,0.6703000000000023,N,N,N
IWC,3.406,0.6026041666666666,0.4377000000000017,N,N,N
VFM,3.429,0.603125,0.3896000000000014,N,N,N
MWI,3.903,0.6033333333333333,1.2610000000000017,N,N,N
WYG,2.969,0.6036458333333333,0.0414999999999997,N,N,N
IWW,4.01,0.6046874999999999,2.231900000000001,N,N,N
FYV,3.469,0.6052083333333333,0.5847999999999999,N,N,N
IFF,3.693,0.6061458333333334,1.2693000000000003,N,N,N
MWV,3.941,0.6062500000000001,0.8709000000000021,N,N,N
IIW,3.267,0.6104166666666667,1.5540000000000025,N,N,N
YFG,3.749,0.6135416666666668,-0.439799999999999,N,N,N
AFV,3.786,0.6156250000000001,-0.343599999999997,N,N,N
YFS,3.129,0.6182291666666667,-1.078899999999998,Y,N,N
GYV,3.401,0.6192708333333333,-1.0264999999999975,Y,N,N
SWF,3.186,0.6208333333333333,-0.3031999999999969,N,N,N
MWF,3.572,0.6222222222222223,1.4576000000000016,N,N,N
NIF,3.329,0.6223958333333334,-1.0979999999999954,Y,N,N
PFN,2.945,0.6234375,-1.6378999999999957,Y,N,N
WYC,3.14,0.6239583333333333,0.3399000000000005,N,N,N
YWV,3.625,0.6239583333333334,1.0660999999999996,N,N,N
CVY,3.136,0.6255208333333333,-0.7280999999999993,N,N,N
MWW,3.895,0.6265625,1.9389000000000007,N,N,N
FFF,3.792,0.6281249999999999,1.465899999999999,N,N,N
NYF,2.996,0.6302083333333334,-1.195799999999994,Y,N,N
WFM,3.674,0.6317708333333333,1.457600000000001,N,N,N
FFQ,3.201,0.6338541666666667,-0.511299999999997,N,N,N
YFC,3.838,0.6338541666666667,-0.1413999999999992,N,N,N
QWF,3.115,0.6359374999999999,-0.0299999999999945,N,N,N
FWY,3.362,0.6359375,1.6527999999999987,N,N,N
WYM,3.103,0.6390625,1.1631999999999998,N,N,N
GFM,3.709,0.6401041666666667,-0.6349999999999965,N,N,N
LFY,3.761,0.640625,0.9749000000000008,N,N,N
WWG,3.546,0.6432291666666666,0.8172000000000004,N,N,N
YKF,2.053,0.6435661764705882,-0.6589999999999945,N,N,N
NWY,2.471,0.6442708333333332,-0.7144999999999953,N,N,N
GFI,3.618,0.6442708333333332,-0.3419999999999967,N,N,N
TYF,2.905,0.6447916666666667,-0.6903999999999977,N,N,N
FYM,3.646,0.6463541666666667,0.6819000000000002,N,N,N
YIF,2.985,0.6533333333333333,0.9749000000000008,N,N,N
GFV,3.407,0.6541666666666667,-0.7320999999999962,N,N,N
GYM,3.963,0.65625,-0.9293999999999976,N,N,N
NFW,3.043,0.6567708333333333,-0.4200999999999943,N,N,N
TIF,2.821,0.6567708333333334,-0.5925999999999951,N,N,N
GWF,3.626,0.6571428571428571,0.3359000000000013,N,N,N
NFY,2.89,0.6619791666666667,-1.195799999999994,Y,N,N
AYF,3.854,0.6630208333333333,-0.0512999999999982,N,N,N
IYW,2.623,0.6635416666666666,1.4562000000000004,N,N,N
QVF,2.67,0.6651041666666667,-1.0979999999999943,Y,N,N
IYC,3.393,0.6661458333333333,-0.3379999999999991,N,N,N
LWI,4.186,0.6682291666666668,1.5540000000000012,N,N,N
WGC,3.107,0.6682291666666668,-0.9769999999999992,N,N,N
SFW,2.993,0.6697916666666667,-0.3031999999999967,N,N,N
YFH,2.817,0.6697916666666668,-0.1053999999999987,N,N,N
MYF,3.03,0.6703125,0.681900000000001,N,N,N
QYW,3.085,0.6708333333333333,-0.3243999999999953,N,N,N
MFG,4.138,0.6708333333333334,-0.6349999999999976,N,N,N
SFV,3.327,0.6744791666666666,-1.371199999999995,Y,N,N
YWC,3.254,0.6750000000000002,0.3399000000000005,N,N,N
GWW,3.432,0.6755208333333335,0.817200000000001,N,N,N
FEW,2.423,0.6760416666666667,-0.7653999999999954,N,N,N
WFC,3.552,0.6760416666666668,0.6343000000000005,N,N,N
TVF,2.538,0.6765625000000001,-0.9826999999999952,N,N,N
YVF,3.078,0.6770833333333334,0.5848000000000014,N,N,N
FGA,3.575,0.6848958333333334,-1.3681999999999968,Y,N,N
WFA,3.314,0.6854166666666667,0.7244000000000004,N,N,N
YWM,3.753,0.6859375,1.163200000000001,N,N,N
PRF,2.55,0.6880681818181819,-3.069699999999993,Y,N,N
LYF,3.234,0.6885416666666667,0.9749000000000008,N,N,N
FSY,2.842,0.6906249999999999,-1.078899999999997,Y,N,N
WFQ,3.173,0.6910714285714286,-0.0299999999999965,N,N,N
YGM,4.023,0.6916666666666665,-0.9293999999999968,N,N,N
NWM,2.676,0.6927083333333334,-0.909699999999996,N,N,N
FGC,3.585,0.6927083333333334,-1.458299999999998,Y,N,N
IYL,2.8,0.6932291666666667,0.7783000000000007,N,N,N
WWK,2.495,0.6941789215686273,0.5980000000000039,N,N,N
WMA,3.291,0.6942708333333334,0.2348000000000013,N,N,N
WYV,3.046,0.6947916666666667,1.0660999999999996,N,N,N
FFI,3.822,0.6989583333333332,1.2693000000000003,N,N,N
IIV,3.266,0.6989583333333335,0.4860000000000027,N,N,N
WFG,4.036,0.7000000000000001,0.3359000000000005,N,N,N
WFH,2.926,0.7005208333333334,0.6703000000000008,N,N,N
WCW,3.369,0.7036458333333334,1.1155999999999997,N,N,N
WEW,2.406,0.7051470588235292,-0.284099999999995,N,N,N
FWG,3.588,0.7062499999999999,0.3359,N,N,N
AWI,4.173,0.7072916666666668,0.5278000000000018,N,N,N
NWW,3.149,0.7088541666666667,0.0612000000000053,N,N,N
FFG,4.279,0.7098958333333334,-0.1453999999999998,N,N,N
FLA,3.418,0.7125,0.0465000000000023,N,N,N
FMV,3.807,0.7166666666666667,0.3896000000000031,N,N,N
WWV,3.448,0.7171875,1.8417999999999992,N,N,N
FNY,3.134,0.7182291666666666,-1.1957999999999958,Y,N,N
FQL,2.752,0.71875,-0.7078999999999946,N,N,N
QFY,2.649,0.7192708333333333,-0.8056999999999939,N,N,N
FMG,4.069,0.7192708333333334,-0.6349999999999965,N,N,N
WWC,3.568,0.7208333333333333,1.115599999999999,N,N,N
FFN,3.483,0.7223958333333332,-0.9013999999999966,N,N,N
GFW,3.749,0.7229166666666665,0.3359000000000022,N,N,N
VFC,3.372,0.7234374999999998,-0.4336999999999973,N,N,N
HFI,2.875,0.7234375000000001,-0.0075999999999972,N,N,N
CFV,4.106,0.7265625,-0.4336999999999982,N,N,N
YGA,3.61,0.7291666666666666,-1.6625999999999967,Y,N,N
FWL,3.798,0.7296874999999999,1.7506000000000002,N,N,N
INM,2.744,0.7302083333333332,-1.5875999999999948,Y,N,N
GFF,3.799,0.7307291666666665,-0.1453999999999972,N,N,N
VIV,3.125,0.7312500000000001,0.0959000000000029,N,N,N
YGC,3.968,0.7322916666666667,-1.7526999999999986,Y,N,N
PGF,3.441,0.7333333333333333,-0.8818999999999959,N,N,N
WFS,3.276,0.7354166666666667,-0.3031999999999987,N,N,N
NWF,3.045,0.7357142857142858,-0.4200999999999943,N,N,N
WWN,3.274,0.7366666666666668,0.0612000000000034,N,N,N
FWI,3.68,0.740625,1.7506000000000002,N,N,N
WYW,2.971,0.7411458333333334,2.1340999999999983,N,N,N
PIW,3.162,0.7427083333333333,1.0141000000000024,N,N,N
FGM,3.968,0.74375,-0.6349999999999969,N,N,N
FKF,2.673,0.7441176470588236,-0.364599999999994,N,N,N
WWM,3.574,0.7463541666666668,1.9388999999999996,N,N,N
FWQ,3.544,0.7468750000000001,-0.0299999999999974,N,N,N
WKW,2.644,0.7484681372549019,0.5980000000000043,N,N,N
NFM,3.394,0.7494791666666667,-1.390999999999996,Y,N,N
WMF,3.157,0.75,1.457600000000001,N,N,N
FCW,3.867,0.7536458333333335,0.6343000000000005,N,N,N
FSL,3.072,0.7541666666666668,-0.9810999999999952,N,N,N
FQC,3.286,0.7557291666666667,-1.8241999999999956,Y,N,N
FNL,3.239,0.75625,-1.0979999999999952,Y,N,N
FGV,3.923,0.7598958333333333,-0.7320999999999971,N,N,N
PQF,2.805,0.7609374999999999,-1.2477999999999942,Y,N,N
WWS,3.266,0.7614583333333332,0.1781000000000003,N,N,N
PVI,3.559,0.7635416666666667,-0.053899999999997,N,N,N
MYI,3.374,0.7645833333333333,0.4853000000000012,N,N,N
FQY,3.098,0.7677083333333332,-0.8056999999999956,N,N,N
FQM,3.035,0.7682291666666666,-1.0008999999999952,Y,N,N
III,3.416,0.7692708333333332,0.8761000000000019,N,N,N
WVW,3.37,0.7694444444444445,1.8418,N,N,N
TFW,3.012,0.7705555555555555,0.0853000000000032,N,N,N
CTF,2.584,0.7708333333333334,-1.708899999999996,Y,N,N
WLA,3.149,0.7713541666666667,0.5278000000000018,N,N,N
WKF,2.442,0.7715686274509804,0.1167000000000052,N,N,N
FWS,3.399,0.771875,-0.3031999999999994,N,N,N
WEF,2.419,0.7748161764705884,-0.7653999999999941,N,N,N
WRW,2.576,0.775,-1.3705999999999938,Y,N,N
FMA,3.946,0.7760416666666666,-0.2464999999999965,N,N,N
PFC,3.414,0.7760416666666666,-0.5834999999999988,N,N,N
FKW,3.093,0.7788602941176471,0.1167000000000052,N,N,N
PMW,3.592,0.7802083333333334,0.7211000000000027,N,N,N
WQI,2.7,0.7807291666666667,-0.2265999999999949,N,N,N
VVV,3.104,0.78125,-0.2941999999999969,N,N,N
WNM,3.088,0.78125,-0.9096999999999956,N,N,N
FTM,3.375,0.7833333333333333,-0.885599999999996,N,N,N
FVW,3.465,0.7843749999999999,1.3605000000000014,N,N,N
PYG,3.964,0.7848958333333335,-1.176299999999998,Y,N,N
FMW,3.46,0.7866666666666667,1.4576000000000018,N,N,N
NFF,3.099,0.7875,-0.9013999999999932,N,N,N
WFV,3.38,0.7890625,1.3605000000000005,N,N,N
FFA,3.637,0.7906249999999999,0.2431000000000002,N,N,N
IVV,3.69,0.7921874999999999,0.0959000000000025,N,N,N
YGI,3.749,0.7927083333333332,-0.6363999999999972,N,N,N
FQI,3.053,0.7927083333333332,-0.7078999999999946,N,N,N
IRF,2.499,0.7937500000000001,-2.529799999999992,Y,N,N
PSF,3.087,0.7942708333333331,-1.5209999999999948,Y,N,N
WMW,2.804,0.7953125,1.9389000000000003,N,N,N
FWM,3.966,0.7953125,1.457600000000001,N,N,N
FTC,3.659,0.7963541666666667,-1.7088999999999963,Y,N,N
LSF,2.563,0.7973958333333333,-0.9810999999999954,N,N,N
VVI,3.214,0.7973958333333333,0.0959000000000026,N,N,N
PFF,3.585,0.7989583333333333,0.7294000000000009,N,N,N
PIF,3.517,0.8005208333333332,0.5328000000000027,N,N,N
WIF,3.117,0.8010416666666668,1.7506000000000013,N,N,N
PVF,3.411,0.8026041666666667,0.142700000000003,N,N,N
FTV,3.147,0.8036458333333334,-0.982699999999997,N,N,N
YTW,2.64,0.8036458333333334,-0.2090999999999979,N,N,N
WWA,3.582,0.8041666666666667,1.2057000000000004,N,N,N
FFC,3.776,0.8046875,0.153,N,N,N
WVF,3.363,0.8046875,1.3605,N,N,N
WNF,3.102,0.8052083333333333,-0.4200999999999961,N,N,N
SFY,2.804,0.8057291666666666,-1.0788999999999966,Y,N,N
FYI,3.623,0.8062499999999999,0.9749000000000008,N,N,N
PHF,2.779,0.8072916666666666,-0.547499999999995,N,N,N
WNL,3.107,0.8093750000000001,-0.6166999999999958,N,N,N
WFN,3.17,0.8093750000000001,-0.4200999999999963,N,N,N
VVF,3.506,0.8098958333333334,0.2925000000000031,N,N,N
IYM,3.633,0.8109375,0.485300000000001,N,N,N
WGI,3.422,0.8130208333333333,0.1393000000000019,N,N,N
ITI,2.66,0.8135416666666666,-0.7891999999999963,N,N,N
MTI,2.736,0.8140625,-1.0821999999999958,Y,N,N
WRF,2.458,0.8142045454545453,-1.8518999999999928,Y,N,N
FNA,3.272,0.8151041666666669,-2.124199999999996,Y,N,N
FWC,3.827,0.8156249999999999,0.6342999999999996,N,N,N
TFV,3.402,0.8156250000000002,-0.982699999999996,N,N,N
FWA,3.78,0.8161458333333332,0.7243999999999999,N,N,N
FRF,2.625,0.8176136363636364,-2.3331999999999926,Y,N,N
FCF,3.471,0.8177083333333334,0.1530000000000008,N,N,N
IQV,2.454,0.81875,-1.294599999999996,Y,N,N
FNM,3.399,0.81875,-1.3909999999999951,Y,N,N
TFI,3.225,0.81875,-0.5925999999999958,N,N,N
PMF,3.548,0.8192708333333333,0.239800000000003,N,N,N
IQI,2.558,0.8192708333333333,-0.9044999999999956,N,N,N
VYM,3.139,0.8203125,0.0952000000000014,N,N,N
FEF,2.908,0.8217524509803921,-1.246699999999994,Y,N,N
TFY,2.407,0.8226190476190477,-0.6903999999999975,N,N,N
YWA,3.569,0.8229166666666665,0.4300000000000007,N,N,N
VYW,2.908,0.8229166666666666,1.066100000000001,N,N,N
PFA,3.364,0.8250000000000001,-0.4933999999999984,N,N,N
LNF,3.076,0.8260416666666667,-1.0979999999999954,Y,N,N
PYM,3.572,0.8260416666666667,-0.0545999999999993,N,N,N
FIF,3.549,0.8270833333333334,1.2693000000000016,N,N,N
FTL,3.003,0.8276041666666668,-0.5925999999999962,N,N,N
WIW,3.51,0.828125,2.231900000000001,N,N,N
PWF,3.694,0.828125,1.2107000000000006,N,N,N
PFM,3.65,0.8286458333333334,0.2398000000000013,N,N,N
PNF,3.357,0.8291666666666666,-1.637899999999994,Y,N,N
FWV,3.802,0.8291666666666667,1.3604999999999996,N,N,N
MNM,3.387,0.8296875,-1.8805999999999945,Y,N,N
FYW,3.25,0.831547619047619,1.6527999999999996,N,N,N
ITW,2.981,0.8322916666666668,-0.1112999999999967,N,N,N
WSI,2.805,0.8322916666666668,-0.4997999999999955,N,N,N
NFG,3.235,0.8328125000000001,-2.5126999999999944,Y,N,N
WYF,3.166,0.8333333333333335,1.6527999999999985,N,N,N
WCF,3.079,0.8338541666666668,0.6343000000000004,N,N,N
FSV,3.135,0.8348958333333334,-1.3711999999999969,Y,N,N
YIQ,3.491,0.8354166666666667,-1.0022999999999969,Y,N,N
FRW,2.993,0.8357954545454546,-1.8518999999999932,Y,N,N
PII,3.403,0.8359375,0.3362000000000026,N,N,N
ITV,2.706,0.8359375,-1.179299999999997,Y,N,N
PGW,3.638,0.8359375000000001,-0.4005999999999971,N,N,N
PWL,3.842,0.8364583333333333,1.014100000000001,N,N,N
YTY,2.94,0.8375,-0.9847999999999986,N,N,N
MYM,3.689,0.8377777777777777,0.1923000000000014,N,N,N
FIW,3.529,0.8380208333333333,1.7506000000000013,N,N,N
YAF,2.905,0.8392857142857143,-0.0512999999999991,N,N,N
WTW,3.11,0.8395833333333335,0.5666000000000011,N,N,N
FNF,3.297,0.8401041666666665,-0.9013999999999948,N,N,N
WAW,3.588,0.8401041666666668,1.2057000000000004,N,N,N
IWV,3.679,0.8406250000000001,1.1639000000000017,N,N,N
YRF,2.511,0.8411931818181817,-2.627599999999992,Y,N,N
FWF,3.747,0.8421875,1.9471999999999985,N,N,N
WTV,3.0,0.8421875000000001,-0.501399999999997,N,N,N
IQW,2.745,0.8427083333333334,-0.2265999999999967,N,N,N
WNW,3.146,0.8432291666666667,0.061200000000004,N,N,N
PVW,3.497,0.8432291666666667,0.6240000000000028,N,N,N
YFQ,3.478,0.84375,-0.805699999999997,N,N,N
MNF,3.051,0.8438888888888889,-1.3909999999999934,Y,N,N
IYF,3.199,0.8458333333333333,0.9749000000000008,N,N,N
INF,3.33,0.8463541666666665,-1.0979999999999954,Y,N,N
PWM,3.775,0.8473958333333332,0.721100000000001,N,N,N
FVF,3.452,0.8477777777777779,0.8792000000000016,N,N,N
CQF,2.897,0.8484375000000001,-1.824199999999995,Y,N,N
YCF,2.958,0.8489583333333334,-0.1413999999999992,N,N,N
PYF,3.423,0.8494791666666667,0.435000000000001,N,N,N
VFV,3.399,0.8505952380952381,0.2925000000000024,N,N,N
IFV,3.421,0.8510416666666667,0.6826000000000018,N,N,N
WQF,2.915,0.8526041666666667,-0.0299999999999956,N,N,N
FYF,3.336,0.853125,1.171499999999999,N,N,N
WTF,3.035,0.8536458333333332,0.0853000000000014,N,N,N
FSF,3.011,0.8536458333333333,-0.7844999999999966,N,N,N
ISW,3.054,0.8541666666666666,-0.4997999999999957,N,N,N
VHF,2.963,0.8562500000000001,-0.3976999999999955,N,N,N
IYV,2.831,0.8567708333333334,0.3882000000000019,N,N,N
VTF,3.137,0.8567708333333334,-0.9826999999999952,N,N,N
FHF,3.355,0.8572916666666668,0.1890000000000021,N,N,N
FGY,4.374,0.8583333333333333,-0.4397999999999988,N,N,N
VWI,3.632,0.8588541666666667,1.1639000000000017,N,N,N
FQW,3.059,0.859375,-0.0299999999999956,N,N,N
PNM,3.425,0.8598958333333333,-2.1274999999999955,Y,N,N
MSF,3.19,0.86,-1.2740999999999951,Y,N,N
WAF,3.214,0.8604166666666666,0.7244000000000002,N,N,N
WQW,2.737,0.8604166666666667,0.451300000000004,N,N,N
YNF,2.994,0.8605555555555556,-1.1957999999999949,Y,N,N
YQF,2.867,0.8609375,-0.8056999999999961,N,N,N
PWV,3.682,0.8614583333333333,0.624000000000001,N,N,N
FMF,3.371,0.8624999999999999,0.9763000000000016,N,N,N
FNI,3.602,0.8624999999999999,-1.0979999999999952,Y,N,N
PFV,3.539,0.8630208333333332,0.1427000000000013,N,N,N
ISF,3.128,0.8635416666666665,-0.9810999999999954,N,N,N
FTW,3.407,0.8640625000000001,0.0853000000000023,N,N,N
PYI,3.331,0.8640625000000001,0.238400000000001,N,N,N
YTF,3.167,0.8660714285714287,-0.6903999999999977,N,N,N
FSM,3.813,0.8661458333333334,-1.2740999999999958,Y,N,N
MQF,3.026,0.8671875000000001,-1.0008999999999946,Y,N,N
PGY,3.769,0.8677083333333333,-1.1762999999999977,Y,N,N
FSW,3.544,0.8677083333333333,-0.3031999999999976,N,N,N
WHF,2.84,0.8694444444444445,0.6703000000000016,N,N,N
FWN,3.866,0.8697916666666666,-0.4200999999999972,N,N,N
WYI,3.278,0.8703124999999999,1.4562000000000002,N,N,N
PWA,3.635,0.8708333333333332,-0.0120999999999987,N,N,N
MYV,3.385,0.8713541666666665,0.0952000000000019,N,N,N
WGF,3.61,0.8718749999999998,0.3359000000000013,N,N,N
WSF,2.806,0.8723958333333334,-0.3031999999999978,N,N,N
VQF,2.698,0.8760416666666666,-1.0979999999999943,Y,N,N
PTW,3.094,0.8765625,-0.6511999999999971,N,N,N
ITM,3.137,0.8765625,-1.082199999999996,Y,Y,N
CSF,2.931,0.8765625,-2.097399999999995,Y,Y,N
MTF,3.386,0.8786458333333335,-0.8855999999999953,N,N,N
VYV,3.557,0.8802083333333334,-0.0018999999999977,N,N,N
FTY,3.373,0.8807291666666667,-0.6903999999999983,N,N,N
FNW,3.494,0.8807291666666667,-0.4200999999999961,N,N,N
FAF,3.694,0.8822916666666666,0.2431000000000019,N,N,N
VYF,2.877,0.8828125,0.5848000000000014,N,N,N
FTF,3.497,0.8833333333333333,-0.3959999999999976,N,N,N
WGV,3.285,0.884375,-0.2507999999999983,N,N,N
PTF,3.395,0.8854166666666666,-1.132499999999995,Y,N,N
ITF,3.329,0.8885416666666668,-0.5925999999999958,N,N,N
FNV,3.296,0.8897727272727273,-1.488099999999996,Y,Y,N
IQF,2.997,0.8901041666666667,-0.707899999999996,N,N,N
VTI,2.766,0.8921875,-1.179299999999996,Y,Y,N
FQF,3.068,0.8958333333333334,-0.511299999999995,N,N,N
FQV,3.401,0.8958333333333334,-1.097999999999996,Y,Y,N
LTF,3.387,0.8963541666666667,-0.5925999999999958,N,N,N
FNC,3.717,0.8966666666666667,-2.214299999999996,Y,Y,N
WTI,3.363,0.8972222222222221,-0.1112999999999965,N,N,N
VYI,3.183,0.8973958333333334,0.3882000000000011,N,N,N
FAW,3.862,0.8984375,0.7244000000000017,N,N,N
LQF,3.039,0.8984375,-0.707899999999996,N,N,N
VFI,3.482,0.9010416666666666,0.6826000000000018,N,N,N
PWC,3.858,0.9026041666666664,-0.102199999999999,N,N,N
WSW,3.047,0.903125,0.178100000000002,N,N,N
YSF,2.931,0.90625,-1.0788999999999966,Y,Y,N
VWV,3.557,0.9078125,0.7738000000000018,N,N,N
IYI,3.322,0.9125,0.7783000000000007,N,N,N
IWI,3.43,0.9155555555555556,1.5540000000000014,N,N,N
ISI,2.923,0.915625,-1.1776999999999962,Y,Y,N
FSI,3.594,0.9171875,-0.9810999999999952,N,N,N
PNW,3.173,0.9177083333333336,-1.1565999999999956,Y,Y,N
WNI,3.609,0.9187499999999998,-0.6166999999999958,N,N,N
VSF,3.007,0.9208333333333334,-1.371199999999995,Y,Y,N
FTI,3.794,0.928125,-0.5925999999999962,N,N,N
IFI,3.562,0.940625,1.072700000000001,N,N,N
