peptide,theta1_mean,theta2_mean
SYF,104.0,26.4
HYF,85.3,28.4
CYF,81.9,46.7
QYF,42.1,29.8
AYI,69.6,43.0
FYV,127.6,140.2
WYC,48.0,105.7
NYF,93.6,24.7
WYM,39.2,106.7
TYF,83.4,28.4
FYM,92.6,125.7
AYF,76.8,35.1
IYW,132.4,120.3
IYC,85.6,78.8
MYF,94.7,88.7
QYW,60.1,34.1
LYF,76.5,73.6
IYL,154.6,134.7
WYV,108.6,126.0
WYW,148.6,144.2
MYI,150.9,143.3
FYI,153.7,146.4
IYM,162.3,152.7
VYM,161.2,144.4
VYW,151.1,138.5
PYM,104.2,132.5
FYW,158.9,157.6
WYF,155.5,156.7
MYM,156.1,127.4
IYF,164.0,156.7
PYF,151.6,158.9
FYF,158.7,159.3
IYV,162.5,146.2
PYI,154.3,144.2
WYI,154.1,142.3
MYV,139.5,140.0
VYV,161.6,148.3
VYF,166.5,158.3
VYI,164.5,150.2
IYI,162.3,148.3
