peptide,AP_sim,ALT_sim,AP_ML,ALT_ML
PPPG,3.14,0.1326197604790419,1.967740035057068,0.0448272127658128
GPPP,3.325,0.1674550898203593,1.9695537090301516,0.0456252917647361
FPPS,2.636,0.0935528942115768,1.795372486114502,0.0489717088639736
PFPS,2.562,0.0807884231536926,1.855581247806549,0.051786183565855
GPPV,3.018,0.1972205588822355,1.8494012475013728,0.0566244192421436
PPPA,3.375,0.105189620758483,2.2389885663986204,0.0578073482960462
APPP,3.291,0.1187724550898203,2.278690981864929,0.0591438081115484
PGPP,3.565,0.20812874251497,2.1505094289779665,0.0593346152454614
PAPP,3.576,0.1399051896207584,2.30227263768514,0.0606715014825264
GVPP,2.993,0.220439121756487,1.8217750787734983,0.0612048916518688
PVPG,3.176,0.1600948103792415,1.9179993271827696,0.0623471025377512
MPPG,3.143,0.1614570858283433,2.0841749548912047,0.0698140054941177
CIPG,3.188,0.2209481037924152,1.8025693893432615,0.0737076766788959
YAPA,3.549,0.2430239520958083,1.7885063886642456,0.0741324871778488
GCPL,3.154,0.2937574850299401,1.7814708352088928,0.0749106287956237
MPVG,3.147,0.1753193612774451,1.7779442071914673,0.0751942936331033
CPPG,3.192,0.1704041916167664,1.9249460101127625,0.0753705836832523
PPAP,3.525,0.1219860279441117,2.3165818452835083,0.0774319790303707
GAPF,3.28,0.2516467065868263,1.8340304970741272,0.0783744946122169
ALPC,3.206,0.2167065868263473,1.8830888271331787,0.0784705691039562
PGPA,3.147,0.1991666666666666,1.7994840383529662,0.0801426596939563
AVPC,3.283,0.2535379241516966,1.7856250643730165,0.0808438889682292
GFPG,2.905,0.2264071856287425,1.7872302830219269,0.0813109930604696
VGPV,2.977,0.2167564870259481,1.8354617834091187,0.0818276040256023
GPPM,3.497,0.2365818363273453,2.380041003227234,0.0821395926177501
GMPV,2.837,0.2055239520958083,1.8868986010551447,0.0824079528450965
GPPC,3.472,0.2531337325349301,1.9611415266990664,0.0824558526277542
CVPA,3.498,0.2526497005988024,1.7809491753578186,0.0829899385571479
FSPP,3.009,0.174625748502994,1.9679162979125977,0.0836727201938629
CPPP,3.769,0.1225099800399201,2.911510467529297,0.0844630139569441
FCPT,2.893,0.2348103792415169,1.840772759914398,0.0854995504021644
GCPY,2.84,0.2243712574850299,1.8268499771753948,0.085956667860349
MVPG,3.222,0.2250798403193613,1.8235350608825684,0.0861909702420234
PCPP,3.557,0.1402744510978044,2.8680108785629272,0.0866776667535305
GCPP,3.127,0.2646057884231537,1.894258439540863,0.0867083609104156
VMPG,3.154,0.2244061876247505,1.865189294020335,0.0872147878011067
PPGP,3.577,0.1567115768463074,2.311004710197449,0.0881231140345335
CLPA,3.136,0.2246956087824351,1.976006317138672,0.088448592275381
SFPM,2.532,0.1181437125748502,1.8542610168457032,0.0885824739933014
FPSP,3.34,0.0981736526946107,2.002542197704315,0.0897142224013805
PPPC,3.688,0.1119710578842315,2.94566810131073,0.0902612954378128
VGPM,3.252,0.2007734530938123,2.02418258190155,0.090555777400732
PMPG,3.35,0.1574051896207584,2.3687938451766968,0.0914093144237995
PSPF,2.543,0.0913373253493014,1.825580108165741,0.0914117164909839
YYPN,2.977,0.1004041916167664,1.8241989731788637,0.0919343806803226
GMPP,3.347,0.2454640718562874,2.160386562347412,0.0922771804034709
PGPV,3.267,0.1475748502994012,2.3148889541625977,0.0925946041941642
VPGV,3.265,0.1191417165668662,1.8131350874900816,0.0929090831428766
VPFS,2.765,0.1353043912175648,1.783212387561798,0.0935455933213234
CPVG,2.93,0.207939121756487,1.7985960960388183,0.0936866022646427
FQPP,2.981,0.1759880239520958,1.7795239210128784,0.0937717169523239
CPPA,3.636,0.1875598802395209,2.1854315280914305,0.095077408850193
GFPA,3.324,0.2372504990019959,2.0786772966384888,0.0950912944972515
RPFD,2.227,0.0590469061876247,1.783694624900818,0.0954228073358535
FMPS,2.878,0.1890718562874251,2.004402482509613,0.0955422006547451
CAPL,3.352,0.2629141716566866,2.03290722767512,0.0958422894279162
AIPC,3.461,0.2342065868263473,2.1364566683769226,0.0960192587226629
GCPI,3.261,0.2571057884231537,2.031604015827179,0.0962909184396267
FPQP,3.128,0.0754441117764471,1.880311119556427,0.0975923761725425
PYRD,2.607,0.1567015968063872,1.790491819381714,0.0976680770516395
ACPL,3.229,0.2446606786427145,2.0843534231185914,0.0978542514145374
APPC,3.56,0.1905738522954091,2.2153029918670653,0.0980666644871234
MFPS,2.973,0.1999800399201596,1.9738674759864807,0.0983789712190628
PRYD,2.596,0.1606487025948103,1.803741991519928,0.0989905912429094
VCPG,3.295,0.2605588822355289,1.843852150440216,0.0990285120904445
LAPC,3.512,0.2486676646706587,2.031254160404205,0.1011963218450546
LPCG,2.95,0.2148003992015968,1.883567214012146,0.10129314661026
ACPV,3.28,0.2377195608782435,2.0343480348587035,0.1014597602188587
CIPA,3.407,0.239565868263473,2.1607006788253784,0.1017213948071003
FRDG,2.308,0.2370858283433133,1.7872849702835083,0.1026857085525989
VPMG,3.075,0.1895159680638722,1.95660320520401,0.1027821622788906
AGPF,3.487,0.2190219560878243,2.011118173599243,0.1028099171817302
PRFD,2.802,0.2200099800399201,1.8125329315662384,0.1028940603137016
PRCD,2.752,0.2747405189620758,1.790233027935028,0.103022563457489
YRAD,2.382,0.2215918163672655,1.7911109179258349,0.1030356958508491
YPNI,2.84,0.1015818363273453,1.7774769067764282,0.1036070808768272
NYPY,2.93,0.1288822355289421,1.7958551526069642,0.1037189185619354
YPNY,2.956,0.1264271457085828,1.8287448287010195,0.1037536732852459
PSFP,3.131,0.2230788423153692,2.029231858253479,0.1038489446043968
PCRD,2.627,0.2545958083832335,1.7877426981925963,0.1044246286153793
YPAA,3.086,0.1854740518962076,1.886540138721466,0.1049538150429725
AYRD,2.465,0.2547455089820359,1.7951595187187197,0.1052705198526382
CAPV,3.348,0.2799201596806387,2.0188823103904725,0.1056955218315124
VPGP,3.167,0.1496407185628742,2.1196048855781555,0.1057099044322967
CVPC,3.376,0.2488473053892215,2.472657124201457,0.1058863885700702
CLPC,3.725,0.2452694610778443,2.6181358814239504,0.1060479879379272
IPCG,2.958,0.1932185628742515,2.017532527446747,0.1062236335128545
YGRE,2.214,0.265189620758483,1.786801651120186,0.1062329467386007
LCPG,3.332,0.2481786427145708,2.0234511137008666,0.1064409300684929
PCPG,3.231,0.2065119760479042,2.190024137496948,0.1065030023455619
PMRD,2.709,0.1935079840319361,1.7842158675193789,0.1070898249745369
GPVP,2.931,0.178502994011976,2.068645203113556,0.1076345555484294
NPYY,2.588,0.0851347305389221,1.816447985172272,0.107976571470499
PFSP,3.169,0.2003592814371257,2.194023275375366,0.1080650016665458
PRCE,2.637,0.2357884231536926,1.790212917327881,0.1081277012825012
CIPC,3.673,0.2233283433133732,2.73004732131958,0.1084274858236312
ACPY,3.185,0.2649800399201596,2.088977217674256,0.1084573082625866
PAPC,3.382,0.1721007984031936,2.395462679862976,0.1087025821208953
MPMT,2.782,0.079755489021956,1.819166600704193,0.1090371757745742
RYAD,2.428,0.2377195608782435,1.7847158193588255,0.1091407693922519
FERG,2.209,0.2023353293413173,1.7831286787986755,0.1093671478331089
YREA,2.197,0.2062225548902195,1.7823431015014648,0.1094994403421878
RYGE,2.211,0.2081487025948104,1.7802456259727475,0.1096978217363357
FRDA,2.748,0.2766766467065868,1.8055667638778687,0.1102930009365081
RYDV,2.423,0.1682285429141716,1.777315413951874,0.1110867410898208
YRGE,2.315,0.2236676646706586,1.802842092514038,0.1130142502486705
RYEA,2.147,0.402065868263473,1.7818785190582276,0.1135018445551395
VFDR,2.418,0.1514321357285429,1.7829567074775696,0.114674200117588
AFER,2.195,0.1938023952095808,1.79734765291214,0.1164504088461399
FRDV,2.46,0.2357984031936127,1.7903863191604614,0.1168220169842243
YERV,2.212,0.1487475049900199,1.7903232336044312,0.1174391090869903
YREI,2.127,0.1255838323353293,1.782312035560608,0.1178390253335237
YGYT,2.901,0.3339021956087824,1.7908613085746763,0.1182568147778511
FAER,2.258,0.2243612774451097,1.816092848777771,0.1184512395411729
RCVD,2.106,0.1913522954091816,1.7787525653839111,0.1200196128338575
GWNM,3.231,0.7933433133732536,2.376357078552246,0.589027938246727
CYGM,3.499,0.4913473053892215,3.826152229309082,0.5927954971790313
PYGG,3.634,0.5430788423153692,3.1974725008010862,0.5962750494480134
PGYG,3.446,0.848188622754491,3.1686021387577057,0.6034868583083153
ITIG,2.858,0.77187624750499,2.181379532814026,0.6057845234870911
PYGA,3.813,0.7286427145708582,3.3426609436670938,0.6079042752583822
WNGM,1.607,0.1422055888223553,2.430770826339722,0.6098380297422409
PWGG,2.847,0.5338972055888223,2.768893313407898,0.6149587482213974
IATI,1.754,0.1624700598802395,2.22077751159668,0.61607666015625
CYGC,3.632,0.4388522954091816,3.8693645715713503,0.6213044226169586
MNMG,3.524,0.8318512974051897,2.720894455909729,0.6244994461536407
PGWG,3.462,0.8291966067864271,2.8062159538269045,0.6263345777988434
ITGI,1.427,0.0516167664670658,2.3355671405792235,0.6271124899387359
PMNM,3.587,0.6498502994011975,3.355957269668579,0.641661262512207
CITI,3.248,0.7981586826347306,2.4217158794403075,0.6426824033260345
MGNM,2.377,0.1972455089820359,2.8101261854171757,0.6667189657688141
MNGM,2.119,0.3824051896207584,2.9021084308624268,0.6797980964183807
WGNM,2.053,0.2382634730538922,2.619120407104492,0.6805550813674927
IGTI,1.507,0.0684580838323353,2.5268306970596317,0.7328961849212646
PGGW,3.25,0.3438273453093812,3.155294942855835,0.7584980309009552
NGWF,2.983,0.5945758483033932,3.178152918815613,0.792121410369873
AFSF,3.243,0.7729141716566866,3.1008822679519654,0.7923047184944153
VTFG,3.605,0.7685279441117765,2.831626892089844,0.7924323976039886
PVSF,3.085,0.8437425149700598,2.895027756690979,0.7927702367305756
FWGN,3.286,0.4048602794411178,3.269184041023254,0.7930178821086884
FGGM,3.51,0.420434131736527,3.6342805147171022,0.7944262325763702
WFNG,3.045,0.6663073852295409,3.125884175300598,0.7951694428920746
FSCF,3.494,0.2841966067864271,3.1349979639053345,0.7962367057800293
FSFC,3.588,0.6816566866267465,3.2314043760299684,0.7964370250701904
CMTF,3.355,0.712440119760479,3.0728078365325926,0.79803307056427
VFTC,3.263,0.5542814371257486,3.063084602355957,0.7988731265068054
CLQF,3.443,0.6043912175648704,2.881123995780945,0.7992749035358429
FTQF,2.656,0.6300249500998005,2.916006016731262,0.7997355043888092
PMNF,3.542,0.8192415169660678,3.17447030544281,0.8002469420433045
NWGF,3.063,0.7118862275449103,3.1657129526138306,0.8013142943382263
AVTF,3.179,0.7464720558882235,2.85624475479126,0.8016430616378785
FFNA,3.446,0.5914421157684631,3.246434497833252,0.8018017649650574
FQIG,3.359,0.8085129740518961,2.916445791721344,0.8020535707473755
GFTV,3.096,0.9128243512974052,2.993015694618225,0.8020840048789978
GMTF,2.943,0.8165419161676647,2.981985926628113,0.8029024824500084
FNNF,3.065,0.8769161676646707,3.027093434333801,0.8031519651412964
FTGV,3.628,0.8464970059880239,2.994631695747376,0.8047189295291901
VSFV,3.424,0.6642664670658683,2.8825363159179687,0.8059154748916626
VCTF,3.094,0.5932684630738522,2.931445837020874,0.8064997017383575
FNMG,3.651,0.8573003992015968,3.2558502912521363,0.8069483041763306
VATF,2.265,0.3357135728542914,2.8265380382537844,0.8078332781791687
GTFI,3.1,0.6899201596806387,3.002099943161011,0.8080060303211212
FNFA,3.807,0.7117714570858283,3.1800747871398927,0.8081054747104645
VTGF,2.62,0.7224001996007984,2.7639657735824583,0.8087572753429413
YTGF,2.746,0.5994011976047905,2.911444091796875,0.8095682382583618
CTFV,3.084,0.7970359281437126,3.097818613052368,0.8114077985286713
FSFG,3.316,0.7574151696606786,3.147723138332367,0.8131826519966125
CFSF,3.622,0.7369061876247505,3.183280301094056,0.8137976884841919
FQTF,2.805,0.4203393213572854,2.9418156147003174,0.8142152786254883
YCTF,3.139,0.39187624750499,2.936223196983337,0.8142315566539764
GNWF,3.086,0.6064221556886228,3.183748722076416,0.8145366191864014
FGNI,2.712,0.2269960079840319,3.2029258012771606,0.8149018287658691
YTCF,2.745,0.2403592814371257,2.922713732719421,0.8149735629558563
FSAF,3.548,0.2496606786427146,3.043310225009918,0.8154206871986389
YGTF,2.429,0.1829441117764471,2.954414796829224,0.8157589614391327
GFNW,3.682,0.8844461077844312,3.102105951309204,0.8167250156402588
FSFA,3.31,0.7367115768463073,3.152179718017578,0.8175623416900635
GFNM,3.741,0.8962325349301398,3.307213807106018,0.8175959706306457
FNFG,3.553,0.8530389221556886,3.234347128868103,0.8178903639316559
FNWG,3.417,0.7801047904191616,3.213298082351685,0.8182305693626404
FQGF,3.143,0.8247305389221556,3.003959941864013,0.8187462270259858
GYTF,2.847,0.7622105788423155,2.9874414205551147,0.8194867670536041
GIQF,3.188,0.7235479041916166,2.84573499361674,0.8196402092774709
VTFC,3.188,0.8000948103792415,3.096090292930603,0.8204402923583984
FATV,2.656,0.2344161676646706,3.1014492988586424,0.8206154942512512
FNGW,2.716,0.2766217564870259,3.1152703762054443,0.8243928194046021
AFTV,2.904,0.6446806387225549,3.1103516817092896,0.8244583209355673
CYTF,2.863,0.7184580838323353,3.009985089302063,0.8255451619625092
FSTF,2.723,0.4102045908183632,3.011487603187561,0.8271158337593079
FCNF,3.253,0.7371956087824351,3.277549266815185,0.827478951215744
FNGM,2.679,0.5055838323353293,3.350603461265564,0.8275600969791412
VFSV,3.667,0.7082834331337325,2.9679250478744508,0.8280626654624939
FTIG,3.04,0.7055239520958083,3.1275290489196776,0.8290055513381958
GITF,2.981,0.7618612774451098,3.0813844442367557,0.8299073874950409
FTSF,3.233,0.7925499001996008,3.005469107627869,0.8303288996219635
YTFC,2.986,0.7497954091816367,3.1073713302612305,0.8305487692356109
FNCF,3.652,0.4685129740518961,3.2973393201828003,0.8315696299076081
FNTF,3.058,0.6597205588822355,3.026233530044556,0.8315874099731445
FWNG,3.148,0.8084580838323354,3.2521461963653566,0.8318803131580352
FTTF,2.942,0.4098502994011975,3.035741186141968,0.8321365892887116
GFNF,3.27,0.8224700598802397,3.2092588901519776,0.8332225441932678
PCTF,3.527,0.7220409181636727,3.0598148822784426,0.833269602060318
WNFG,3.116,0.8190119760479042,3.1303858757019043,0.8338606178760528
PMSF,3.37,0.8075698602794412,3.016878128051758,0.8342147246003151
PFNM,3.758,0.7894810379241517,3.4242834568023683,0.8345707297325134
FGQI,2.777,0.2689970059880239,2.9704528570175173,0.8345804214477539
CVTF,3.301,0.7562574850299401,3.02157465616862,0.8347088595231374
ITFG,3.436,0.7500499001996007,3.143415093421936,0.8353295087814331
FQFG,3.419,0.815439121756487,3.110079979896545,0.8355845510959625
FASF,3.269,0.3639121756487026,3.1001770893732705,0.8356971542040507
FGNM,2.991,0.2982684630738523,3.350902020931244,0.8377376049757004
GWNF,3.292,0.7612724550898204,3.1324959278106688,0.8387234449386597
GFTI,3.736,0.8906337325349301,3.2064765453338624,0.8394138991832734
CFTV,3.206,0.6804690618762474,3.291729378700256,0.8394718587398529
FSGF,3.662,0.7019261477045907,3.10150842666626,0.8399790048599243
FNAF,3.167,0.2109730538922155,3.1891462802886963,0.840481348335743
FGNW,3.008,0.3074500998003992,3.2204689025878905,0.841942572593689
FTFG,3.669,0.753378243512974,3.236671781539917,0.8420979976654053
FNGF,3.58,0.7438822355289422,3.2154750347137453,0.8425878882408142
FGTV,2.69,0.2540518962075848,3.131765532493591,0.8427780151367188
GFSF,3.08,0.8424500998003992,3.137084484100342,0.8431538045406342
GFTF,3.254,0.8459780439121756,3.1935094594955444,0.8436159014701843
GFQF,2.85,0.8650798403193612,3.060294230779012,0.8451040089130402
FGQF,2.792,0.2728992015968063,3.0623013973236084,0.8453912377357483
WNGF,2.805,0.2175,3.1597028970718384,0.8454218506813049
WGNF,3.018,0.5797654690618762,3.139824056625366,0.8455156803131103
FCSF,3.729,0.5094560878243514,3.2139143705368043,0.8459196209907531
ITGF,2.768,0.638438123752495,3.047356629371643,0.8462496817111969
FGSF,3.285,0.3301197604790419,3.1424245834350586,0.8466789424419403
FGNF,3.311,0.3498902195608783,3.203413248062134,0.8467159867286682
FTGF,3.759,0.8611127744510978,3.1463510751724244,0.8470917344093323
IGTF,3.688,0.8899201596806388,3.074502229690552,0.8479969799518585
FTGI,3.782,0.8662075848303393,3.219744861125946,0.8510626330971718
FGTI,2.511,0.2178742514970059,3.229970169067383,0.8517016351222992
FGTF,3.426,0.3609930139720559,3.185168671607971,0.8518804848194123
