peptide,AP_sim,ALT_sim
WPW,3.0,0.046875
WPP,2.607,0.0526041666666666
PPP,2.556,0.0541666666666666
PFP,3.025,0.0630208333333333
WPI,2.869,0.0645833333333333
PYP,2.999,0.0651041666666666
FPP,3.096,0.0651041666666666
PWP,3.073,0.065625
FPI,3.289,0.065625
WPY,2.767,0.0682291666666666
FPW,3.299,0.0697916666666666
IPL,2.381,0.0713541666666666
IPI,2.807,0.071875
WPF,3.417,0.0734374999999999
YPY,2.71,0.0755208333333333
LPP,2.803,0.0760416666666666
MPF,2.757,0.0765625
WPM,2.823,0.0765625
IPF,3.092,0.0796875
PPW,2.912,0.0802083333333333
MPV,2.267,0.0809523809523809
VPF,2.569,0.0817708333333333
IPV,2.474,0.0822916666666666
FPY,3.24,0.0833333333333333
WPC,2.583,0.0864583333333333
VPP,2.584,0.0869791666666666
YPI,3.084,0.0901041666666666
FPF,3.615,0.0911458333333333
YPA,2.197,0.0916666666666666
YPV,2.774,0.0921874999999999
IPP,2.782,0.0937499999999999
MPI,2.958,0.09375
PPY,2.932,0.0947916666666666
FPM,3.314,0.0963541666666666
PLP,2.646,0.0963541666666666
YPF,3.306,0.0968749999999999
FPL,3.145,0.0973958333333333
MPP,2.749,0.0979166666666666
YPP,3.093,0.0984375
PPA,2.374,0.0994791666666666
LPC,2.642,0.1010416666666666
YPM,2.744,0.1036458333333333
WWP,3.367,0.10625
WLP,2.73,0.1078124999999999
PVP,2.962,0.1083333333333333
APF,2.62,0.1088541666666666
CPM,2.756,0.109375
CPP,2.57,0.1098958333333333
FPV,3.151,0.1098958333333333
CPL,2.4,0.1114583333333333
CPF,2.943,0.1119791666666666
LWP,3.079,0.1130208333333333
IPC,2.635,0.1130208333333333
YWP,3.322,0.1135416666666666
PIP,2.947,0.1135416666666666
PPI,3.059,0.1140625
GPF,2.656,0.1140625
WMP,2.825,0.1156249999999999
VWP,2.665,0.1161458333333333
PPM,3.195,0.1161458333333333
WYP,3.214,0.1166666666666666
PMP,3.077,0.1177083333333333
PPF,3.236,0.1177083333333333
MPM,2.815,0.1197916666666666
YIP,2.982,0.1213541666666666
IWP,2.725,0.1213541666666666
PAP,2.305,0.1213541666666666
MPC,2.994,0.1223958333333333
CPY,2.719,0.1223958333333333
APC,1.913,0.1229166666666666
YPC,3.012,0.1239583333333333
PPV,2.809,0.125
PPL,2.729,0.1270833333333333
FPG,2.564,0.1296874999999999
FWP,3.351,0.1338541666666666
VYP,2.752,0.1348958333333333
IGP,1.929,0.1359375
WFE,2.082,0.1372549019607843
WIP,3.138,0.1385416666666666
RYE,1.721,0.1385416666666666
FPC,3.239,0.1411458333333333
WCP,2.771,0.1416666666666666
FPA,2.944,0.1416666666666666
CWP,2.402,0.1416666666666666
VFP,3.182,0.1421875
YVP,3.113,0.1421875
CPI,2.805,0.1442708333333333
ILP,2.63,0.1442708333333333
DWW,2.037,0.1446022727272727
WFP,3.747,0.1447916666666666
IFP,3.255,0.1458333333333333
PPC,3.075,0.15
PFR,2.269,0.1519886363636363
YYP,2.943,0.1525568181818181
CPC,2.742,0.1541666666666666
PGV,1.944,0.1541666666666666
FNP,2.204,0.1546875
IYP,3.274,0.1546875
PFT,2.732,0.15625
YCP,3.313,0.15625
VVP,2.686,0.1578125
FRI,2.033,0.1585227272727273
FDF,2.103,0.1588068181818182
MYP,2.972,0.1619791666666666
NYC,1.701,0.1625
LGC,1.569,0.1630208333333333
PAI,2.472,0.1640625
WVY,2.875,0.1640625
YMP,3.171,0.1645833333333333
MFP,3.365,0.1661458333333333
IVP,2.681,0.1677083333333333
LIP,3.122,0.1682291666666666
YLP,3.065,0.1687499999999999
PCP,3.378,0.16875
ACV,2.071,0.1692708333333333
IAP,2.12,0.1692708333333333
FLP,3.212,0.1697916666666666
AIP,2.151,0.1703124999999999
CIP,2.997,0.1703125
FFP,3.748,0.1723958333333333
IIP,3.243,0.1729166666666666
WAA,1.834,0.1734375
GFP,2.532,0.1734375
PLI,3.144,0.1739583333333333
CYP,3.114,0.1744791666666666
PLV,2.95,0.175
WWY,3.021,0.175
FVP,3.448,0.175
MLP,2.914,0.1755208333333333
CFP,3.072,0.1760416666666666
AFP,2.801,0.1770833333333333
PAY,2.465,0.178125
LLP,2.628,0.1791666666666666
FYP,3.813,0.1796875
YYT,2.326,0.1802083333333333
VIP,2.925,0.1802083333333333
PMV,3.217,0.1802083333333333
ACP,2.113,0.18125
YFP,3.618,0.1833333333333333
FIP,3.304,0.1848958333333333
PGI,2.525,0.1848958333333333
DYF,2.092,0.1850490196078431
LAI,2.374,0.1859374999999999
IAI,2.528,0.1859374999999999
VMP,3.303,0.1859375
WCI,2.889,0.1864583333333333
LFP,3.484,0.1869791666666666
PLG,2.106,0.1869791666666666
PCV,2.776,0.1869791666666666
MVP,3.095,0.1869791666666667
PAA,2.277,0.1892857142857142
CVP,2.796,0.1927083333333333
PIC,2.911,0.1927083333333333
CAP,2.334,0.1927083333333333
PFI,3.571,0.1937499999999999
IGI,2.129,0.1937499999999999
PIA,2.482,0.1942708333333333
LCP,2.836,0.1947916666666666
PAL,2.606,0.1963541666666666
PGP,2.364,0.1989583333333333
FYR,2.001,0.1994318181818181
EWW,2.249,0.1999999999999999
PCW,2.976,0.2005208333333333
VMY,2.261,0.2010416666666666
YNY,2.689,0.2015625
ICP,2.98,0.2020833333333333
FMP,3.311,0.2020833333333333
YLW,3.021,0.2023809523809523
MIP,3.396,0.2026041666666667
PAC,2.512,0.203125
FLR,2.003,0.2034090909090909
PAV,2.56,0.2046875
PYV,3.045,0.2046875
VCP,2.923,0.2052083333333333
DFW,2.057,0.205965909090909
NMI,1.898,0.2062499999999999
IFR,2.032,0.2088068181818181
SFC,1.78,0.2098958333333333
IGC,1.93,0.2104166666666666
MAP,2.542,0.2104166666666667
MGP,2.374,0.2119791666666666
PVA,2.641,0.2119791666666666
FAP,2.743,0.2125
PLY,2.608,0.2125
PVL,2.863,0.2130208333333333
PML,3.293,0.2130208333333333
PCI,3.365,0.2130208333333333
IMP,3.204,0.2130208333333333
YLI,3.134,0.2135416666666666
CLP,3.079,0.2135416666666666
FRD,2.336,0.2145833333333333
QYC,1.823,0.2151041666666666
FSP,2.286,0.2151041666666666
WGY,2.214,0.2161458333333333
DWF,2.249,0.2164772727272727
IMI,3.449,0.2166666666666666
CAW,2.216,0.2166666666666667
WYL,2.642,0.2172222222222222
FFD,2.296,0.2176136363636364
PLF,3.117,0.2177083333333333
CMP,3.026,0.2182291666666666
WAC,2.406,0.2182291666666667
PAM,2.825,0.2192708333333333
PIV,3.012,0.2208333333333333
VLF,2.703,0.2208333333333333
PMI,3.551,0.2208333333333333
YLV,2.721,0.2229166666666666
FCP,3.723,0.2234375
WWD,2.216,0.2244318181818181
AWC,2.277,0.2244791666666666
FGQ,1.845,0.2249999999999999
PLM,3.002,0.2255208333333333
LMP,2.965,0.2255208333333333
WIY,3.058,0.2255208333333333
PCC,3.373,0.2265625
AIC,2.225,0.2270833333333333
ALW,2.217,0.2276041666666667
IAL,2.268,0.228125
WYY,2.876,0.2285714285714286
PVG,2.193,0.2291666666666666
CIA,2.215,0.2302083333333333
CVA,2.021,0.2302083333333333
CFS,1.972,0.2307291666666666
YCL,2.964,0.2307291666666666
VWL,2.916,0.2307291666666666
WLV,2.664,0.2311111111111111
YIL,3.108,0.23125
YIY,2.546,0.2321428571428571
YIV,2.979,0.2322916666666666
ACI,2.557,0.2322916666666666
VLW,2.678,0.2328124999999999
MAI,2.557,0.2328125
PCY,2.957,0.2328125
FIR,2.016,0.234375
LCG,1.956,0.2354166666666667
MLW,2.892,0.2354166666666667
EFW,2.069,0.2358455882352941
WIL,3.111,0.2359375
RFM,2.134,0.2363636363636363
VGF,2.223,0.2364583333333333
ICG,2.278,0.2364583333333333
WMV,2.896,0.2369791666666666
LFK,2.06,0.2372159090909091
FYT,2.485,0.2375
IWL,2.873,0.2380952380952381
YCV,2.835,0.2385416666666666
PCL,3.005,0.2385416666666666
FCN,2.346,0.2385416666666666
IGM,2.008,0.2390625
YAY,2.862,0.2401041666666666
PMY,2.809,0.2411458333333333
VLL,2.839,0.2421875
YMY,3.284,0.2421875
YGP,2.596,0.2421875
RFY,2.084,0.2426136363636364
YYN,3.06,0.2427083333333333
RWW,2.122,0.2431818181818181
VIA,2.129,0.2432291666666666
ILM,3.224,0.2432291666666667
LCY,2.563,0.2432291666666667
VCV,2.771,0.24375
PIM,3.324,0.24375
PCM,3.489,0.2442708333333333
LAF,2.822,0.2453125
EYF,2.188,0.2465073529411765
GCI,2.218,0.2473958333333333
IAF,2.986,0.2473958333333333
YVV,2.918,0.2473958333333333
CIF,3.528,0.2479166666666666
AAF,2.312,0.2479166666666666
VCY,2.482,0.2479166666666666
WLI,3.185,0.2484375
VMW,2.707,0.2488095238095238
LLI,2.957,0.2489583333333333
YMI,3.187,0.2489583333333333
VLI,3.029,0.2494791666666667
MMP,3.641,0.2505208333333333
CCP,3.221,0.2510416666666666
MAV,2.534,0.2510416666666666
IML,2.944,0.2520833333333332
ICI,3.223,0.2520833333333333
MII,3.328,0.2526041666666667
CLA,2.053,0.2526041666666667
PIY,3.038,0.2526041666666667
VAF,2.881,0.253125
PGL,2.23,0.2536458333333333
CAI,2.558,0.2536458333333333
CYI,2.927,0.2541666666666666
VYY,2.986,0.2552083333333333
YML,3.118,0.25625
YCA,2.426,0.25625
PIL,3.075,0.2566666666666666
FGT,2.201,0.2567708333333333
MCP,3.537,0.2572916666666667
PYL,3.042,0.2572916666666667
ACW,2.319,0.2577777777777778
PAF,2.969,0.2578125
FCQ,2.255,0.2583333333333333
LIF,3.242,0.2588541666666666
FCR,2.006,0.2590909090909091
GAF,2.338,0.2593749999999999
PFL,3.417,0.2593749999999999
CVC,2.755,0.2593749999999999
FFE,2.332,0.2598651960784313
ICY,2.578,0.2598958333333332
SMM,2.311,0.2598958333333333
PLC,2.8,0.2598958333333333
IIF,3.4,0.26
CAM,2.533,0.26
YVM,3.056,0.2604166666666666
AII,2.585,0.2609375
MCI,3.332,0.2614583333333333
PMG,2.657,0.2614583333333333
LFR,2.0,0.2616477272727272
IYY,2.857,0.2619791666666666
QFI,2.213,0.2622222222222222
FGN,2.031,0.2624999999999999
FRE,2.322,0.2625
FMT,2.787,0.2625
FLY,3.504,0.2625
FCH,2.089,0.2625
WIC,2.834,0.2630208333333333
WML,2.797,0.2630208333333333
GVM,2.124,0.2635416666666666
VLV,3.035,0.2635416666666667
CFN,2.234,0.2640624999999999
ILV,3.032,0.2640625
VCW,2.869,0.2645833333333333
YYL,3.225,0.2645833333333333
YVI,3.18,0.2651041666666667
YIM,3.055,0.265625
PCA,2.554,0.265625
MWL,3.266,0.2661111111111111
VWC,2.764,0.2661458333333333
CCV,3.115,0.2661458333333333
YII,2.874,0.2666666666666666
WCV,2.901,0.2666666666666666
FQA,1.85,0.2666666666666666
PVM,3.542,0.2671874999999999
YMW,2.787,0.2671874999999999
YYY,3.413,0.2671874999999999
MGW,1.957,0.2677083333333333
IIA,2.479,0.2677083333333333
ILG,2.357,0.2682291666666666
CWL,2.453,0.2684523809523809
YAL,2.553,0.26875
CCI,3.131,0.26875
PYY,3.261,0.2692708333333333
CLW,2.737,0.2697916666666666
FAI,3.403,0.2703124999999999
VCC,2.752,0.2703125
LLV,2.776,0.2703125
MLI,3.069,0.2703125
ILW,2.835,0.2703125
QMM,2.338,0.2708333333333333
WVL,2.883,0.2711111111111111
LCV,2.985,0.2713541666666666
CII,3.228,0.2714285714285714
ILI,3.144,0.2714285714285714
AMV,2.519,0.2722222222222222
PCG,2.418,0.2723958333333333
CIW,2.855,0.2723958333333333
VCI,3.326,0.2723958333333333
PVC,3.128,0.2723958333333333
MAY,2.313,0.2723958333333333
PVV,3.186,0.2729166666666666
VMI,3.234,0.2734375
PMA,2.654,0.2738095238095238
WIV,3.056,0.2738888888888889
YLF,3.164,0.2739583333333333
FAY,2.934,0.2739583333333333
WCL,2.983,0.275
LVI,3.155,0.275
LII,3.35,0.2755208333333333
AIM,2.372,0.2760416666666667
FAL,3.068,0.2760416666666667
CVF,2.953,0.2761904761904761
FCT,2.462,0.2765625
YWW,3.343,0.2770833333333334
LFT,2.883,0.2776041666666666
CAL,2.226,0.2781249999999999
YLM,2.728,0.278125
IMV,3.19,0.2786458333333333
QFC,2.059,0.2786458333333333
KWW,2.043,0.2787377450980392
MLF,3.239,0.2794444444444444
CCG,2.343,0.2796875
MIV,3.409,0.2796875
ICL,3.188,0.2796875
CWA,2.495,0.2802083333333333
VYL,2.579,0.2802083333333333
YIC,2.998,0.2807291666666666
FGS,2.275,0.2807291666666666
ICF,3.235,0.2807291666666667
PCF,3.434,0.2807291666666667
CLY,2.642,0.28125
MVI,3.029,0.2817708333333333
PMM,3.61,0.2817708333333333
YCI,3.186,0.2817708333333333
FYS,2.855,0.2822916666666666
FCY,3.131,0.2828124999999999
MIF,3.273,0.2828124999999999
CGP,2.613,0.2828125
PVY,2.735,0.2828125
FCS,2.458,0.2833333333333332
WCA,2.821,0.2833333333333333
QMF,2.392,0.2833333333333333
WVI,3.223,0.2838541666666667
LLL,2.817,0.2838541666666667
FAV,3.274,0.2838541666666667
LCI,3.242,0.284375
WLY,3.217,0.2854166666666666
HFY,2.21,0.2859375
WWW,3.554,0.2859375
SFL,2.687,0.2864583333333333
MLM,3.149,0.2864583333333333
GCC,2.421,0.2864583333333333
CCF,3.036,0.2869047619047619
FMR,2.02,0.2869318181818182
VMF,3.311,0.2869791666666667
CCW,2.649,0.2869791666666667
CCL,3.042,0.2877777777777778
VCA,2.428,0.2880208333333333
YCM,3.049,0.2880208333333333
LLW,3.02,0.2880208333333333
ACY,2.43,0.2885416666666666
CLM,3.174,0.2885416666666666
CIY,2.939,0.2885416666666666
VFQ,2.156,0.2888888888888889
WIA,2.811,0.2890625
CVV,2.834,0.2890625
MFR,2.356,0.2892045454545454
CGM,2.184,0.2895833333333333
YCW,2.993,0.2901041666666666
KFF,2.362,0.2903799019607843
PMC,3.637,0.2911458333333332
IGF,2.566,0.2911458333333332
VIF,3.335,0.2911458333333334
YVY,3.057,0.2911458333333334
IMW,3.024,0.2916666666666666
MAM,2.852,0.2916666666666667
CVM,2.84,0.2916666666666667
WLM,3.369,0.2921875
CLL,3.098,0.2921875
CWV,2.954,0.2921875
ILC,3.144,0.2921875
YYQ,2.82,0.2927083333333333
FVG,2.806,0.2932291666666666
ICV,2.961,0.2932291666666666
ACC,2.474,0.2932291666666667
GCM,2.247,0.29375
YMV,3.033,0.29375
ACM,2.92,0.2942708333333333
WLW,3.032,0.2942708333333333
PGC,2.391,0.2942708333333333
VCL,2.921,0.2944444444444444
LMV,3.147,0.2947916666666667
WLF,3.459,0.2947916666666667
MLV,3.317,0.2953125
VLC,2.885,0.2958333333333333
WCC,3.085,0.2963541666666666
LGF,2.58,0.2963541666666666
YCY,2.92,0.2964285714285714
FGP,3.073,0.296875
FVI,3.397,0.296875
VCM,2.936,0.2973958333333333
MIW,2.981,0.2973958333333333
LVC,2.64,0.2973958333333333
LCM,3.309,0.2979166666666666
CVL,2.715,0.2979166666666666
PGG,2.16,0.2979166666666666
LFS,2.574,0.2984374999999999
LCF,3.179,0.2984374999999999
VML,3.041,0.2984374999999999
ALI,2.433,0.2984375
ACF,3.157,0.2984375
LML,2.966,0.2989583333333334
GWL,2.593,0.2994791666666667
YFI,3.936,0.2994791666666667
NCF,2.428,0.3
MVW,3.115,0.3
PFY,3.409,0.3
AMI,2.659,0.3005952380952381
IFS,2.61,0.3010416666666667
MVY,2.542,0.3010416666666667
VCF,3.564,0.3015625
FVA,2.93,0.3015625
LVW,2.872,0.3015625
CCY,2.621,0.3015625
VLM,3.202,0.3015625
FLV,3.377,0.3026041666666667
YYI,3.387,0.3026041666666667
YAC,2.581,0.3026041666666667
VMG,2.308,0.303125
AIF,3.072,0.303125
LMY,2.865,0.3036458333333333
FLI,3.684,0.3036458333333333
ALM,2.53,0.3038888888888889
IVY,2.795,0.3041666666666667
CGF,2.274,0.3044444444444444
CCA,2.647,0.3046875
WII,3.263,0.3052083333333333
IIM,3.068,0.3057291666666666
LIV,3.064,0.3057291666666666
VVM,2.842,0.3057291666666666
AML,2.82,0.3062499999999999
FCI,3.592,0.3062499999999999
ICC,3.182,0.3067708333333333
LYI,2.887,0.3067708333333334
LMC,3.163,0.3067708333333334
FFT,3.432,0.3067708333333334
LLC,2.846,0.3072916666666667
YAM,2.6,0.3078125
FCG,3.157,0.3078125
FCL,3.49,0.3078125
PLA,2.627,0.3083333333333333
MVA,2.532,0.3088541666666666
MCL,3.258,0.3089285714285714
FLT,2.627,0.309375
CAF,2.909,0.3098958333333333
FLL,3.457,0.3098958333333333
IIG,2.253,0.3104166666666666
MVV,3.385,0.3109375
YVL,3.167,0.3109375
MLY,2.823,0.3109375
VVL,2.611,0.3114583333333333
SYY,2.56,0.3114583333333333
MLA,2.706,0.3114583333333333
EFF,2.389,0.3119485294117647
WLG,2.681,0.3119791666666667
CMW,2.765,0.3122222222222222
YVA,2.588,0.3125
LMA,2.945,0.3135416666666666
CLV,2.757,0.3135416666666666
CLI,3.335,0.3140624999999999
MMF,3.456,0.3140624999999999
VWY,2.589,0.3140625
MVL,3.087,0.3140625
IFT,2.965,0.3140625
FYY,3.533,0.3145833333333332
LMG,2.443,0.3145833333333334
FMH,2.266,0.3145833333333334
YFR,2.366,0.3150568181818182
IIL,2.943,0.315625
YFY,3.538,0.315625
CMI,3.24,0.315625
LCC,3.128,0.3161458333333333
LVF,3.22,0.3161458333333333
FML,3.541,0.3166666666666666
YFT,2.809,0.3166666666666666
VMC,3.119,0.3166666666666667
WWI,3.603,0.3171875
IWA,2.625,0.3171875
CIL,3.051,0.3171875
SLF,2.441,0.3171875
IFL,3.269,0.3182291666666666
LWL,3.116,0.31875
LCL,3.169,0.31875
VMV,3.065,0.3197916666666666
WLC,2.965,0.3203125
IMC,3.304,0.3208333333333333
FCA,3.326,0.3213541666666666
FIY,3.306,0.3218749999999999
MVC,3.163,0.3218749999999999
QFV,2.318,0.3218749999999999
MGV,2.481,0.3218749999999999
MMM,3.67,0.3220238095238095
IVF,3.157,0.3223958333333332
RFF,2.619,0.3232954545454545
LIW,2.957,0.3234375
MCV,3.591,0.3234375
MAF,3.207,0.3239583333333333
SMF,2.749,0.3244791666666666
GML,2.521,0.3244791666666666
VIC,2.707,0.3244791666666667
NFI,2.569,0.3249999999999999
LMI,3.688,0.325
VVC,2.448,0.3255208333333333
LLF,3.421,0.3255208333333333
FLQ,2.342,0.3255208333333333
WMI,3.55,0.3255208333333333
MLC,3.358,0.3255208333333333
FMQ,2.592,0.3260416666666667
ICM,3.533,0.3265625
FAC,3.208,0.3265625
AFY,2.804,0.3265625
YVC,3.106,0.3270833333333333
MMV,3.736,0.3270833333333333
MLG,2.507,0.3276041666666666
NFV,2.372,0.3276041666666666
LIC,3.235,0.3276041666666666
AFL,2.876,0.3276041666666666
CYL,2.907,0.328125
LFQ,2.474,0.328125
MLL,3.078,0.3286458333333333
IFN,2.889,0.3291666666666666
LWG,2.894,0.3291666666666666
MIY,2.834,0.3291666666666666
MCW,2.851,0.3291666666666666
FVL,3.546,0.3296874999999999
FCM,3.702,0.3296875
MGI,2.312,0.3302083333333334
FVR,2.131,0.3303977272727272
EWF,2.279,0.330514705882353
MAC,2.82,0.33125
FMM,3.9,0.33125
FII,3.526,0.33125
CFL,3.484,0.33125
AMC,2.571,0.3316666666666666
FVT,2.326,0.3317708333333333
MCG,2.639,0.3317708333333333
VFL,3.029,0.3327380952380952
MMY,3.037,0.3328124999999999
IMY,2.93,0.3328125
ALF,2.612,0.3328125
VII,3.171,0.3333333333333333
CFI,3.5,0.3333333333333333
CGC,2.39,0.3333333333333333
LYY,3.124,0.3333333333333333
QLF,2.562,0.3338541666666666
FLF,3.589,0.3338541666666666
GCF,2.755,0.3338541666666667
YGY,3.174,0.3338888888888889
AWL,2.657,0.334375
CIC,3.3,0.3344444444444445
VMM,3.447,0.3348958333333333
GFY,2.872,0.3348958333333333
ICA,2.727,0.3348958333333334
YYW,3.262,0.3354166666666667
DFF,2.688,0.3363636363636363
MGL,2.54,0.3364583333333333
GMC,2.439,0.3364583333333333
MYA,2.324,0.3364583333333333
LMF,3.498,0.3369791666666666
PYC,3.485,0.3369791666666666
LGM,2.219,0.3369791666666666
FWE,2.566,0.337438725490196
FCV,3.613,0.3374999999999999
LFN,2.73,0.3374999999999999
RIF,2.21,0.3375
FGI,3.454,0.3380208333333332
CCM,3.66,0.3380208333333332
AYY,3.153,0.3380208333333334
IMM,3.552,0.3385416666666667
CIM,3.199,0.3388888888888888
CLC,2.953,0.3390625
GIM,2.622,0.3390625
CIV,2.973,0.3395833333333333
WCM,3.028,0.3395833333333333
TMM,2.422,0.3395833333333333
YFW,3.519,0.3401041666666666
LFI,3.799,0.3401041666666666
KFW,2.372,0.3403799019607843
YCC,2.94,0.3410714285714286
IFA,3.044,0.3411458333333334
FAG,2.907,0.3416666666666666
MIL,3.202,0.3422619047619047
IFM,3.279,0.3422619047619048
FIL,3.569,0.3427083333333333
MMN,2.74,0.3427083333333334
YWI,3.707,0.3432291666666666
IIN,2.04,0.3432291666666667
FFL,3.811,0.34375
FAM,3.335,0.3442708333333333
TLF,2.358,0.3442708333333333
NMM,2.79,0.3458333333333334
CAC,2.91,0.3463541666666667
IFY,3.007,0.346875
MFI,3.816,0.3473958333333333
YYM,3.313,0.3489583333333333
IMA,2.771,0.3499999999999999
CMC,3.578,0.35
PFQ,2.649,0.3505208333333333
ILF,3.474,0.3510416666666666
YFV,3.577,0.3511904761904762
MYL,3.149,0.3515624999999999
CMM,3.837,0.3515625
IVM,3.093,0.3515625
MCF,3.291,0.3516666666666667
MCY,2.997,0.3531249999999999
MIA,2.559,0.3531250000000001
CCC,3.358,0.3536458333333332
VIM,3.325,0.3536458333333334
MML,3.497,0.3536458333333334
FYN,2.906,0.3541666666666667
QYY,2.724,0.3541666666666667
PGM,3.14,0.3546875
CMV,3.536,0.3546875
QFM,2.607,0.3552083333333333
MCC,3.509,0.3552083333333333
MMS,2.962,0.3561111111111111
GLF,3.129,0.35625
IMF,3.553,0.3572916666666667
IIC,3.114,0.3572916666666667
FGW,3.103,0.3577777777777777
CVI,3.091,0.3578125
CFY,3.358,0.3578125
GIF,3.091,0.3588541666666667
FWD,2.475,0.359375
FGF,3.818,0.3598958333333333
AVF,2.649,0.3604166666666666
FIC,3.522,0.3604166666666666
LVV,3.105,0.3604166666666666
WFD,2.474,0.3605113636363636
IVC,3.135,0.3609374999999999
LMM,3.638,0.3614583333333334
YYV,3.243,0.3619047619047619
AMM,3.027,0.3625
FGL,2.841,0.3630208333333333
MMH,2.381,0.3635416666666666
FVV,3.513,0.3635416666666667
CMY,3.68,0.3645833333333333
MGC,2.727,0.3645833333333333
WMM,3.338,0.3661111111111111
CYV,3.097,0.3661458333333334
MMI,3.551,0.3666666666666667
FCC,3.753,0.3671875
MCA,2.974,0.3671875
GFA,3.108,0.3671875
AWM,3.173,0.3671875
MFV,3.561,0.3677083333333333
CFC,3.261,0.3682291666666666
CLF,3.353,0.3692708333333334
AMF,3.132,0.3692708333333334
FIV,3.392,0.3703125
FIS,2.53,0.3708333333333333
YFK,2.102,0.3716911764705882
FMI,3.754,0.371875
CYY,3.204,0.3729166666666666
FVY,3.358,0.3729166666666667
GFC,2.998,0.3734375
FIH,2.313,0.3734375
CML,3.61,0.3739583333333333
MFL,3.462,0.3749999999999999
MIC,3.259,0.375
CMA,3.325,0.3755208333333333
IMG,2.779,0.3760416666666666
LYW,3.063,0.3765624999999999
FAA,3.28,0.3765624999999999
AFW,3.541,0.3776041666666667
LMW,3.123,0.378125
MIG,2.555,0.3791666666666666
LIL,3.123,0.3807291666666667
PFW,3.41,0.3807291666666667
VIL,3.188,0.3821428571428571
FMY,3.52,0.3822916666666666
FLM,3.675,0.3822916666666666
LIM,3.148,0.3822916666666667
MMC,3.852,0.3828125
MGF,2.943,0.3828125
IFC,3.453,0.3833333333333333
YYF,3.405,0.3833333333333333
CFA,3.447,0.3838541666666666
MYY,3.147,0.3838541666666666
FFK,2.641,0.3846200980392156
FIT,2.497,0.3848958333333332
LLM,3.349,0.3848958333333332
PFS,2.689,0.3859375
CWW,3.45,0.3875
AFM,3.846,0.3875
RFW,2.476,0.3875
AWW,3.15,0.3901041666666667
FIG,3.147,0.3916666666666666
AMW,2.576,0.3916666666666666
WWL,3.592,0.3932291666666667
YYG,3.225,0.39375
RVF,2.052,0.3940340909090908
LWA,3.1,0.3942708333333333
MCM,3.542,0.3953124999999999
MMW,3.346,0.3953124999999999
MGM,2.896,0.3953125
WIM,3.38,0.3958333333333333
LFA,3.537,0.3963541666666666
HMF,2.235,0.3963541666666667
MYC,3.325,0.396875
MFM,4.079,0.396875
CFM,3.628,0.396875
MFA,3.243,0.3977777777777778
YMA,2.756,0.3979166666666666
CMG,3.034,0.3979166666666667
YMM,3.707,0.3984375
LFL,3.695,0.3994791666666666
LWC,3.24,0.3994791666666666
IWY,2.777,0.3994791666666666
MVF,3.511,0.3999999999999999
GFG,2.538,0.4005208333333334
IVI,3.126,0.4015625
LVL,2.793,0.403125
NWI,2.153,0.40625
LFM,3.839,0.40625
FFY,3.56,0.4078125000000001
FFR,2.841,0.4079545454545454
FGG,2.993,0.4083333333333334
IFG,3.21,0.409375
QFL,2.522,0.409375
MVM,3.3,0.4094444444444444
LYC,2.947,0.4104166666666666
GYY,3.18,0.4111111111111111
YWF,3.74,0.4113095238095237
PWW,2.938,0.4119791666666666
YFL,3.518,0.4135416666666667
WFY,3.492,0.4166666666666666
YMG,2.942,0.4166666666666667
CMF,3.436,0.4171875
VFG,3.333,0.4182291666666666
MIM,3.769,0.4192708333333333
LVM,3.223,0.4197916666666666
WVC,3.043,0.4203125
LFG,3.338,0.421875
MFS,2.745,0.4234374999999999
FLW,3.494,0.4234374999999999
YYA,3.414,0.425
NYY,3.065,0.425
SFM,2.674,0.4260416666666666
CWI,3.334,0.4265625
WMG,3.135,0.4286458333333332
LFC,3.729,0.4286458333333333
YGF,3.185,0.4291666666666666
RWF,2.502,0.4335227272727273
YFM,3.659,0.4343749999999999
CYW,2.962,0.4348958333333333
FVC,3.327,0.4354166666666666
GFL,3.168,0.4380208333333333
FIA,3.35,0.4401041666666666
KWF,2.465,0.4409926470588236
YYC,3.462,0.4421874999999999
MWM,3.687,0.4458333333333333
AFA,3.047,0.4458333333333333
VFF,3.909,0.4463541666666666
FIQ,2.651,0.4473958333333332
MFH,2.8,0.4477272727272728
WMC,3.192,0.4488888888888888
WWF,3.77,0.4505208333333333
VWW,3.03,0.4505555555555555
FLS,2.528,0.4520833333333333
VWG,2.658,0.453125
FFH,3.142,0.4541666666666666
TFF,3.091,0.4541666666666666
PYA,3.043,0.4541666666666666
VFA,3.174,0.4544444444444444
MWC,3.031,0.4552083333333332
CFW,3.498,0.4566666666666667
MMA,3.572,0.4567708333333333
LYM,3.031,0.4577380952380953
FIM,3.707,0.4578125
MFT,3.244,0.4578125
MWG,2.969,0.4604166666666666
VYA,3.239,0.4661111111111111
MFC,3.815,0.4661458333333332
FLC,3.404,0.4666666666666667
LYV,2.846,0.4677083333333333
YMC,3.514,0.46875
HFL,2.493,0.46875
FYH,2.477,0.471875
VYC,3.422,0.4729166666666666
FWK,2.585,0.4730392156862745
GMI,3.029,0.4739583333333334
IWG,2.896,0.475
KYF,2.244,0.4759191176470588
GMM,3.724,0.4770833333333333
LFF,3.991,0.4776041666666666
RYF,2.403,0.4789772727272727
LWW,3.345,0.4791666666666667
CYA,3.748,0.4802083333333333
LWY,2.868,0.48125
YMF,3.335,0.4822916666666667
AYC,3.958,0.4822916666666667
VFY,3.321,0.4828125000000001
FLG,3.272,0.4859374999999999
YFA,3.451,0.4864583333333334
FVQ,2.839,0.4869791666666667
VWA,2.66,0.4875
GWC,3.377,0.4875
FWW,3.779,0.4880208333333333
YLC,3.509,0.4895833333333332
WFT,3.269,0.4932291666666666
GYI,3.296,0.4953125
MFQ,3.06,0.4958333333333334
HFF,2.915,0.4976190476190475
CWM,3.255,0.5016666666666666
AFG,3.463,0.5026041666666666
AFC,4.134,0.5031249999999999
FYL,3.605,0.5036458333333332
SIF,3.025,0.5036458333333335
CYM,3.669,0.5036458333333335
AYM,3.89,0.5046875
FFM,3.849,0.5052083333333333
NVF,2.821,0.5072222222222222
LFW,3.513,0.5077777777777777
GVF,2.948,0.5088541666666667
NMW,2.541,0.509375
IYG,3.512,0.5094444444444445
GWM,3.063,0.5107142857142857
GCY,3.292,0.5109375
WFK,2.447,0.5117647058823529
GMW,2.792,0.5135416666666667
PFG,3.319,0.5140625
CFG,3.213,0.5151041666666667
PYW,3.178,0.5187499999999999
MFY,3.333,0.5208333333333334
FYC,3.599,0.5244791666666667
MFF,3.601,0.5255208333333333
FYG,3.626,0.5270833333333333
NFC,2.673,0.5286458333333334
IWF,3.541,0.5299999999999999
AFF,3.624,0.5328125
LWM,3.782,0.5354166666666665
GIY,3.167,0.5375
CWF,3.607,0.5380208333333333
CYG,3.632,0.5394444444444445
GMF,3.686,0.5401041666666666
YWG,2.77,0.5427083333333333
VWF,3.5,0.5437500000000001
FMS,3.246,0.5458333333333333
NMF,2.918,0.5463541666666667
FYA,3.439,0.5468749999999999
MMG,3.628,0.5473958333333333
WWR,2.468,0.547443181818182
QWW,2.989,0.5488888888888889
LFV,3.671,0.5510416666666667
AWF,3.553,0.5515625
QFW,2.764,0.5515625000000001
CYC,4.01,0.5526041666666667
SVF,2.602,0.553125
WFI,4.126,0.5533333333333333
WFL,3.432,0.5536458333333333
IWM,3.19,0.5541666666666667
NFL,2.642,0.5572916666666666
FFV,3.673,0.5588541666666668
LWV,3.448,0.559375
FFS,3.161,0.5614583333333333
VFW,3.342,0.5656249999999999
LWF,3.76,0.5661458333333332
SYF,2.883,0.5661458333333332
WWT,3.052,0.5666666666666668
FMN,2.683,0.5671875000000001
PWG,2.561,0.5672619047619049
WVM,3.508,0.56875
HWF,2.931,0.56875
HYF,2.747,0.5703125
FWR,2.474,0.5704545454545454
IFW,3.325,0.5708333333333333
MWA,3.484,0.5708333333333333
TMF,2.494,0.5711111111111111
CWC,3.993,0.5723958333333333
FIN,3.06,0.5744791666666667
YFN,3.214,0.5744791666666668
MFW,3.718,0.5750000000000001
YFF,3.677,0.5770833333333333
WGL,2.861,0.5776041666666666
GYW,3.236,0.5786458333333333
MFN,3.309,0.5791666666666667
SFF,3.21,0.5796875
CYF,3.536,0.5809523809523809
PGA,3.046,0.5822916666666667
VFN,2.659,0.5822916666666667
FFW,3.85,0.5854166666666667
WFF,3.529,0.5863095238095238
GVY,3.506,0.5866666666666667
GWI,3.239,0.5875
SFI,2.632,0.5880208333333333
WFR,2.607,0.5880681818181818
QYF,3.048,0.5885416666666666
QFF,3.137,0.5895833333333332
FWT,3.083,0.5895833333333333
TWF,3.1,0.5901041666666667
PWI,3.187,0.5911458333333334
YWN,2.893,0.5917613636363637
CFF,3.868,0.5932291666666666
WGM,3.138,0.5932291666666667
FVM,3.88,0.5953125
GYF,3.363,0.5973958333333335
AYI,3.552,0.5984375000000001
NLF,2.969,0.5984375000000001
WFW,3.548,0.5994791666666667
AFI,3.768,0.6
FMC,3.863,0.6015624999999999
HFW,2.801,0.6017857142857143
IWC,3.406,0.6026041666666666
VFM,3.429,0.603125
MWI,3.903,0.6033333333333333
WYG,2.969,0.6036458333333333
IWW,4.01,0.6046874999999999
FYV,3.469,0.6052083333333333
IFF,3.693,0.6061458333333334
MWV,3.941,0.6062500000000001
IIW,3.267,0.6104166666666667
YFG,3.749,0.6135416666666668
AFV,3.786,0.6156250000000001
YFS,3.129,0.6182291666666667
GYV,3.401,0.6192708333333333
SWF,3.186,0.6208333333333333
MWF,3.572,0.6222222222222223
NIF,3.329,0.6223958333333334
PFN,2.945,0.6234375
WYC,3.14,0.6239583333333333
YWV,3.625,0.6239583333333334
CVY,3.136,0.6255208333333333
MWW,3.895,0.6265625
FFF,3.792,0.6281249999999999
NYF,2.996,0.6302083333333334
WFM,3.674,0.6317708333333333
FFQ,3.201,0.6338541666666667
YFC,3.838,0.6338541666666667
QWF,3.115,0.6359374999999999
FWY,3.362,0.6359375
WYM,3.103,0.6390625
GFM,3.709,0.6401041666666667
LFY,3.761,0.640625
WWG,3.546,0.6432291666666666
YKF,2.053,0.6435661764705882
NWY,2.471,0.6442708333333332
GFI,3.618,0.6442708333333332
TYF,2.905,0.6447916666666667
FYM,3.646,0.6463541666666667
YIF,2.985,0.6533333333333333
GFV,3.407,0.6541666666666667
GYM,3.963,0.65625
NFW,3.043,0.6567708333333333
TIF,2.821,0.6567708333333334
GWF,3.626,0.6571428571428571
NFY,2.89,0.6619791666666667
AYF,3.854,0.6630208333333333
IYW,2.623,0.6635416666666666
QVF,2.67,0.6651041666666667
IYC,3.393,0.6661458333333333
LWI,4.186,0.6682291666666668
WGC,3.107,0.6682291666666668
SFW,2.993,0.6697916666666667
YFH,2.817,0.6697916666666668
MYF,3.03,0.6703125
QYW,3.085,0.6708333333333333
MFG,4.138,0.6708333333333334
SFV,3.327,0.6744791666666666
YWC,3.254,0.6750000000000002
GWW,3.432,0.6755208333333335
FEW,2.423,0.6760416666666667
WFC,3.552,0.6760416666666668
TVF,2.538,0.6765625000000001
YVF,3.078,0.6770833333333334
FGA,3.575,0.6848958333333334
WFA,3.314,0.6854166666666667
YWM,3.753,0.6859375
PRF,2.55,0.6880681818181819
LYF,3.234,0.6885416666666667
FSY,2.842,0.6906249999999999
WFQ,3.173,0.6910714285714286
YGM,4.023,0.6916666666666665
NWM,2.676,0.6927083333333334
FGC,3.585,0.6927083333333334
IYL,2.8,0.6932291666666667
WWK,2.495,0.6941789215686273
WMA,3.291,0.6942708333333334
WYV,3.046,0.6947916666666667
FFI,3.822,0.6989583333333332
IIV,3.266,0.6989583333333335
WFG,4.036,0.7000000000000001
WFH,2.926,0.7005208333333334
WCW,3.369,0.7036458333333334
WEW,2.406,0.7051470588235292
FWG,3.588,0.7062499999999999
AWI,4.173,0.7072916666666668
NWW,3.149,0.7088541666666667
FFG,4.279,0.7098958333333334
FLA,3.418,0.7125
FMV,3.807,0.7166666666666667
WWV,3.448,0.7171875
FNY,3.134,0.7182291666666666
FQL,2.752,0.71875
QFY,2.649,0.7192708333333333
FMG,4.069,0.7192708333333334
WWC,3.568,0.7208333333333333
FFN,3.483,0.7223958333333332
GFW,3.749,0.7229166666666665
VFC,3.372,0.7234374999999998
HFI,2.875,0.7234375000000001
CFV,4.106,0.7265625
YGA,3.61,0.7291666666666666
FWL,3.798,0.7296874999999999
INM,2.744,0.7302083333333332
GFF,3.799,0.7307291666666665
VIV,3.125,0.7312500000000001
YGC,3.968,0.7322916666666667
PGF,3.441,0.7333333333333333
WFS,3.276,0.7354166666666667
NWF,3.045,0.7357142857142858
WWN,3.274,0.7366666666666668
FWI,3.68,0.740625
WYW,2.971,0.7411458333333334
PIW,3.162,0.7427083333333333
FGM,3.968,0.74375
FKF,2.673,0.7441176470588236
WWM,3.574,0.7463541666666668
FWQ,3.544,0.7468750000000001
WKW,2.644,0.7484681372549019
NFM,3.394,0.7494791666666667
WMF,3.157,0.75
FCW,3.867,0.7536458333333335
FSL,3.072,0.7541666666666668
FQC,3.286,0.7557291666666667
FNL,3.239,0.75625
FGV,3.923,0.7598958333333333
PQF,2.805,0.7609374999999999
WWS,3.266,0.7614583333333332
PVI,3.559,0.7635416666666667
MYI,3.374,0.7645833333333333
FQY,3.098,0.7677083333333332
FQM,3.035,0.7682291666666666
III,3.416,0.7692708333333332
WVW,3.37,0.7694444444444445
TFW,3.012,0.7705555555555555
CTF,2.584,0.7708333333333334
WLA,3.149,0.7713541666666667
WKF,2.442,0.7715686274509804
FWS,3.399,0.771875
WEF,2.419,0.7748161764705884
WRW,2.576,0.775
FMA,3.946,0.7760416666666666
PFC,3.414,0.7760416666666666
FKW,3.093,0.7788602941176471
PMW,3.592,0.7802083333333334
WQI,2.7,0.7807291666666667
VVV,3.104,0.78125
WNM,3.088,0.78125
FTM,3.375,0.7833333333333333
FVW,3.465,0.7843749999999999
PYG,3.964,0.7848958333333335
FMW,3.46,0.7866666666666667
NFF,3.099,0.7875
WFV,3.38,0.7890625
FFA,3.637,0.7906249999999999
IVV,3.69,0.7921874999999999
YGI,3.749,0.7927083333333332
FQI,3.053,0.7927083333333332
IRF,2.499,0.7937500000000001
PSF,3.087,0.7942708333333331
WMW,2.804,0.7953125
FWM,3.966,0.7953125
FTC,3.659,0.7963541666666667
LSF,2.563,0.7973958333333333
VVI,3.214,0.7973958333333333
PFF,3.585,0.7989583333333333
PIF,3.517,0.8005208333333332
WIF,3.117,0.8010416666666668
PVF,3.411,0.8026041666666667
FTV,3.147,0.8036458333333334
YTW,2.64,0.8036458333333334
WWA,3.582,0.8041666666666667
FFC,3.776,0.8046875
WVF,3.363,0.8046875
WNF,3.102,0.8052083333333333
SFY,2.804,0.8057291666666666
FYI,3.623,0.8062499999999999
PHF,2.779,0.8072916666666666
WNL,3.107,0.8093750000000001
WFN,3.17,0.8093750000000001
VVF,3.506,0.8098958333333334
IYM,3.633,0.8109375
WGI,3.422,0.8130208333333333
ITI,2.66,0.8135416666666666
MTI,2.736,0.8140625
WRF,2.458,0.8142045454545453
FNA,3.272,0.8151041666666669
FWC,3.827,0.8156249999999999
TFV,3.402,0.8156250000000002
FWA,3.78,0.8161458333333332
FRF,2.625,0.8176136363636364
FCF,3.471,0.8177083333333334
IQV,2.454,0.81875
FNM,3.399,0.81875
TFI,3.225,0.81875
PMF,3.548,0.8192708333333333
IQI,2.558,0.8192708333333333
VYM,3.139,0.8203125
FEF,2.908,0.8217524509803921
TFY,2.407,0.8226190476190477
YWA,3.569,0.8229166666666665
VYW,2.908,0.8229166666666666
PFA,3.364,0.8250000000000001
LNF,3.076,0.8260416666666667
PYM,3.572,0.8260416666666667
FIF,3.549,0.8270833333333334
FTL,3.003,0.8276041666666668
WIW,3.51,0.828125
PWF,3.694,0.828125
PFM,3.65,0.8286458333333334
PNF,3.357,0.8291666666666666
FWV,3.802,0.8291666666666667
MNM,3.387,0.8296875
FYW,3.25,0.831547619047619
ITW,2.981,0.8322916666666668
WSI,2.805,0.8322916666666668
NFG,3.235,0.8328125000000001
WYF,3.166,0.8333333333333335
WCF,3.079,0.8338541666666668
FSV,3.135,0.8348958333333334
YIQ,3.491,0.8354166666666667
FRW,2.993,0.8357954545454546
PII,3.403,0.8359375
ITV,2.706,0.8359375
PGW,3.638,0.8359375000000001
PWL,3.842,0.8364583333333333
YTY,2.94,0.8375
MYM,3.689,0.8377777777777777
FIW,3.529,0.8380208333333333
YAF,2.905,0.8392857142857143
WTW,3.11,0.8395833333333335
FNF,3.297,0.8401041666666665
WAW,3.588,0.8401041666666668
IWV,3.679,0.8406250000000001
YRF,2.511,0.8411931818181817
FWF,3.747,0.8421875
WTV,3.0,0.8421875000000001
IQW,2.745,0.8427083333333334
WNW,3.146,0.8432291666666667
PVW,3.497,0.8432291666666667
YFQ,3.478,0.84375
MNF,3.051,0.8438888888888889
IYF,3.199,0.8458333333333333
INF,3.33,0.8463541666666665
PWM,3.775,0.8473958333333332
FVF,3.452,0.8477777777777779
CQF,2.897,0.8484375000000001
YCF,2.958,0.8489583333333334
PYF,3.423,0.8494791666666667
VFV,3.399,0.8505952380952381
IFV,3.421,0.8510416666666667
WQF,2.915,0.8526041666666667
FYF,3.336,0.853125
WTF,3.035,0.8536458333333332
FSF,3.011,0.8536458333333333
ISW,3.054,0.8541666666666666
VHF,2.963,0.8562500000000001
IYV,2.831,0.8567708333333334
VTF,3.137,0.8567708333333334
FHF,3.355,0.8572916666666668
FGY,4.374,0.8583333333333333
VWI,3.632,0.8588541666666667
FQW,3.059,0.859375
PNM,3.425,0.8598958333333333
MSF,3.19,0.86
WAF,3.214,0.8604166666666666
WQW,2.737,0.8604166666666667
YNF,2.994,0.8605555555555556
YQF,2.867,0.8609375
PWV,3.682,0.8614583333333333
FMF,3.371,0.8624999999999999
FNI,3.602,0.8624999999999999
PFV,3.539,0.8630208333333332
ISF,3.128,0.8635416666666665
FTW,3.407,0.8640625000000001
PYI,3.331,0.8640625000000001
YTF,3.167,0.8660714285714287
FSM,3.813,0.8661458333333334
MQF,3.026,0.8671875000000001
PGY,3.769,0.8677083333333333
FSW,3.544,0.8677083333333333
WHF,2.84,0.8694444444444445
FWN,3.866,0.8697916666666666
WYI,3.278,0.8703124999999999
PWA,3.635,0.8708333333333332
MYV,3.385,0.8713541666666665
WGF,3.61,0.8718749999999998
WSF,2.806,0.8723958333333334
VQF,2.698,0.8760416666666666
PTW,3.094,0.8765625
ITM,3.137,0.8765625
CSF,2.931,0.8765625
MTF,3.386,0.8786458333333335
VYV,3.557,0.8802083333333334
FTY,3.373,0.8807291666666667
FNW,3.494,0.8807291666666667
FAF,3.694,0.8822916666666666
VYF,2.877,0.8828125
FTF,3.497,0.8833333333333333
WGV,3.285,0.884375
PTF,3.395,0.8854166666666666
ITF,3.329,0.8885416666666668
FNV,3.296,0.8897727272727273
IQF,2.997,0.8901041666666667
VTI,2.766,0.8921875
FQF,3.068,0.8958333333333334
FQV,3.401,0.8958333333333334
LTF,3.387,0.8963541666666667
FNC,3.717,0.8966666666666667
WTI,3.363,0.8972222222222221
VYI,3.183,0.8973958333333334
FAW,3.862,0.8984375
LQF,3.039,0.8984375
VFI,3.482,0.9010416666666666
PWC,3.858,0.9026041666666664
WSW,3.047,0.903125
YSF,2.931,0.90625
VWV,3.557,0.9078125
IYI,3.322,0.9125
IWI,3.43,0.9155555555555556
ISI,2.923,0.915625
FSI,3.594,0.9171875
PNW,3.173,0.9177083333333336
WNI,3.609,0.9187499999999998
VSF,3.007,0.9208333333333334
FTI,3.794,0.928125
IFI,3.562,0.940625
