peptide,theta1,theta2,HDBSCAN_clu_id(-1 for Noise),Stability
FFS,35.1,104.6,1,0.870564307198768
VFW,80.5,66.4,-1,0.0
LWF,32.1,20.1,-1,0.0
SYF,104.0,26.4,0,1.0
WWT,28.8,115.3,1,0.8503187624237472
FMN,34.7,122.6,1,0.5730778573309244
WVM,63.4,31.1,0,0.8254084654209262
HWF,98.0,30.1,0,0.984386336762971
HYF,85.3,28.4,0,0.936579191454452
FWR,27.7,94.5,1,0.667213883086805
IFW,29.9,34.1,0,0.5804864765720328
MWA,27.9,80.6,1,0.32887193690388417
TMF,116.5,23.4,0,1.0
CWC,44.5,60.7,0,0.5711943517076359
FIN,42.9,71.4,-1,0.0
YFN,64.2,95.5,1,0.3020939340431606
MFW,51.7,31.2,0,0.8009221398895161
YFF,106.7,104.5,-1,0.0
MFN,32.4,76.4,-1,0.0
SFF,107.6,29.0,0,1.0
CYF,81.9,46.7,0,0.7561640053247477
VFN,52.9,71.6,-1,0.0
FFW,97.6,108.2,-1,0.0
WFF,84.6,80.0,-1,0.0
SFI,46.3,39.1,0,0.7425754599124286
WFR,33.7,92.9,1,0.633950111980033
QYF,42.1,29.8,0,0.7928085398601622
QFF,109.0,28.5,0,1.0
FWT,33.2,111.7,1,1.0
TWF,81.9,21.8,0,0.8095036935076413
PWI,89.4,121.2,-1,0.0
YWN,89.2,109.7,-1,0.0
CFF,69.2,28.8,0,0.8392337459630803
FVM,69.9,43.9,0,0.7081861466946504
AYI,69.6,43.0,0,0.7186480221740037
NLF,115.8,38.1,0,0.9025777366733394
WFW,84.4,90.4,-1,0.0
AFI,76.1,37.1,0,0.8633234849006659
FMC,47.7,132.2,1,0.3696241116515662
HFW,107.0,28.2,0,1.0
IWC,57.2,83.1,1,0.29655242494789913
VFM,125.2,113.9,2,0.15320518054415616
MWI,31.9,27.9,0,0.5713385684289308
IWW,17.2,19.2,-1,0.0
FYV,127.6,140.2,2,0.28628786225092095
IFF,39.3,33.9,0,0.7211493062979059
MWV,29.6,31.8,-1,0.0
IIW,118.3,126.1,2,0.20449686246445709
AFV,63.7,35.0,0,0.7928085398601622
YFS,34.2,107.8,1,1.0
SWF,93.5,26.5,0,1.0
MWF,26.6,18.2,-1,0.0
NIF,128.8,20.7,0,0.7533645688306835
PFN,50.6,106.6,1,0.496341568113437
WYC,48.0,105.7,1,0.5389646761689245
YWV,72.8,121.8,1,0.2937592296596451
CVY,104.6,24.6,0,1.0
MWW,33.6,18.9,0,0.5765640886812913
FFF,118.5,118.0,2,0.17957540385347254
NYF,93.6,24.7,0,1.0
WFM,38.4,104.5,1,0.9484004578288935
FFQ,33.2,105.2,1,1.0
YFC,40.0,103.8,1,0.8137334712067353
QWF,60.7,16.9,0,0.6636137811500695
FWY,62.2,91.1,1,0.30587500909154364
WYM,39.2,106.7,1,1.0
LFY,36.1,36.2,0,0.680073936440484
YKF,139.0,147.1,2,0.5253317135931761
NWY,96.2,33.6,0,1.0
TYF,83.4,28.4,0,0.876759168892951
FYM,92.6,125.7,2,0.14830202715610147
YIF,129.5,141.0,2,0.33319322646381916
NFW,104.4,24.8,0,1.0
TIF,124.0,17.2,0,0.7832662582058673
NFY,115.1,38.4,0,0.9266631953160115
AYF,76.8,35.1,0,0.905231910221562
IYW,132.4,120.3,2,0.18203211214444434
QVF,82.2,13.9,0,0.7009267849440939
IYC,85.6,78.8,-1,0.0
LWI,34.2,15.4,-1,0.0
SFW,116.1,25.8,0,1.0
YFH,110.5,123.2,2,0.19022535349505285
MYF,94.7,88.7,-1,0.0
QYW,60.1,34.1,0,0.7343084301976861
SFV,43.1,34.1,0,0.7686903480954437
YWC,31.5,104.6,1,1.0
FEW,148.7,155.9,2,0.9796475790447017
WFC,31.2,105.7,1,1.0
TVF,118.2,16.0,0,0.7923511757404222
YVF,141.6,154.3,2,0.5908561621281814
WFA,32.7,104.3,1,1.0
YWM,43.9,109.7,1,0.7332108220321837
PRF,141.8,153.3,2,0.5684858455437863
LYF,76.5,73.6,-1,0.0
FSY,143.7,148.2,2,0.5908561621281814
WFQ,33.8,115.4,1,0.8065550481843348
NWM,103.5,41.0,0,1.0
IYL,154.6,134.7,2,0.3262380911518014
WWK,25.5,94.0,1,0.5872202195147037
WMA,49.1,133.7,1,0.36948545679919875
WYV,108.6,126.0,2,0.18216925808005932
FFI,111.4,124.7,2,0.17831349421430703
IIV,128.7,130.0,2,0.23135553002174508
WFH,33.1,93.7,1,0.6569190044564832
WCW,138.7,147.0,2,0.5152524708485278
WEW,148.6,158.0,2,0.9975998593885497
AWI,67.8,34.7,0,0.9191258759091852
NWW,98.1,24.7,0,1.0
FLA,27.9,144.2,-1,0.0
FMV,55.4,146.9,-1,0.0
WWV,31.7,120.9,1,0.5888802093125807
FNY,113.9,135.9,2,0.1694897326509797
FQL,142.5,142.7,2,0.5367168972146773
QFY,141.6,120.3,2,0.16199566352443687
WWC,25.6,105.9,1,1.0
FFN,30.5,107.4,1,1.0
VFC,118.9,133.3,2,0.20338767918117556
HFI,112.0,56.2,-1,0.0
CFV,85.1,42.5,0,0.8392337459630803
FWL,49.7,110.7,1,0.5044040575660869
INM,46.3,127.5,1,0.40673991340621857
VIV,136.7,140.4,2,0.37023704798157886
WFS,30.0,112.3,1,1.0
NWF,105.8,24.9,0,1.0
WWN,25.0,106.0,1,0.9763746171404236
FWI,47.4,121.6,1,0.5078539363813502
WYW,148.6,144.2,2,0.6026269245540329
PIW,145.5,153.9,2,0.6671004204042494
FKF,146.0,155.9,2,0.7716811538962803
WWM,26.4,115.4,1,0.8371661590791647
FWQ,19.7,113.0,1,0.5884798882582302
WKW,147.5,156.7,2,0.8643168989436093
NFM,115.7,38.1,0,0.9068140656069187
WMF,138.2,144.3,2,0.4096604298948936
FCW,148.1,148.7,2,0.5984533512364311
FSL,142.2,146.3,2,0.5561299712411928
FQC,155.9,153.1,2,0.7858177665724677
FNL,140.2,144.1,2,0.45912259657168053
PQF,143.8,155.7,2,0.7772760154269607
WWS,23.0,102.8,1,0.8131420029495243
PVI,152.7,154.1,2,0.9975998593885516
MYI,150.9,143.3,2,0.5401004464640169
FQY,154.7,152.5,2,0.7111561893512753
FQM,153.6,150.7,2,0.700036134938212
III,138.7,136.7,2,0.32751204102233794
WVW,148.0,162.1,2,1.0
TFW,131.8,22.6,0,0.6748230181091454
CTF,157.6,161.2,2,0.9574545644061684
WLA,47.5,148.6,-1,0.0
WKF,144.4,158.1,2,0.7083265626369097
FWS,23.4,103.6,1,0.8060201836560853
WEF,151.2,161.2,2,1.0
WRW,148.1,156.7,2,0.9610997091797405
FMA,18.8,145.2,-1,0.0
PFC,62.6,109.7,1,0.3698780561513861
FKW,149.9,159.7,2,1.0
PMW,74.5,127.7,-1,0.0
WQI,151.6,151.4,2,0.7404740959631596
VVV,151.2,154.3,2,0.8643168989436093
WNM,138.7,134.2,2,0.2954103371029316
FTM,162.8,157.9,2,0.7858177665724736
FVW,153.3,165.8,2,0.9455970844677135
FMW,136.8,151.5,2,0.46806972148784054
NFF,117.0,27.8,0,1.0
WFV,47.3,119.3,1,0.549971940922871
FFA,31.7,109.0,1,1.0
IVV,141.1,143.8,2,0.460729564051029
FQI,151.4,154.5,2,0.8654299926423575
IRF,153.2,153.4,2,0.8915479617230505
PSF,144.7,160.5,2,0.7590323151958039
WMW,152.4,157.6,2,0.9975998593885497
FWM,26.9,108.7,1,1.0
FTC,167.4,159.2,2,0.5756360816676427
LSF,151.0,156.5,2,1.0
VVI,159.9,157.7,2,0.8110263213849319
PFF,149.4,142.5,2,0.47514349669202793
PIF,156.5,164.3,2,0.9032351860037693
WIF,139.8,156.6,2,0.6086659575109669
PVF,152.6,162.4,2,0.9982838497735984
FTV,149.5,156.1,2,1.0
YTW,150.1,165.1,2,1.0
WWA,24.5,99.6,1,0.8110400969292029
FFC,35.0,117.4,1,0.7278253428740514
WVF,146.3,165.2,2,0.767757990943243
WNF,145.4,156.2,2,0.824575726470942
SFY,135.9,76.4,-1,0.0
FYI,153.7,146.4,2,0.6566256696396183
PHF,148.5,147.5,2,0.5943653078153642
WNL,136.5,144.6,2,0.4594226222612896
WFN,29.3,117.7,1,0.7466921950413489
VVF,164.7,163.3,2,0.8278752070756606
IYM,162.3,152.7,2,0.7858177665724743
ITI,158.7,158.0,2,0.8164029406291332
MTI,155.2,158.3,2,0.834194956861791
WRF,147.4,158.5,2,0.9255926199539484
FNA,46.1,150.1,-1,0.0
FWC,26.8,108.8,1,1.0
TFV,136.3,37.3,0,0.5721639022825841
FWA,24.7,100.2,1,0.8632517340772965
FRF,152.2,157.6,2,1.0
FCF,149.4,161.7,2,1.0
IQV,161.0,148.5,2,0.5878273748237275
FNM,128.5,146.8,2,0.2942988726086016
TFI,140.2,33.8,-1,0.0
PMF,127.3,154.7,2,0.273215669302151
IQI,159.9,151.2,2,0.804497380750708
VYM,161.2,144.4,2,0.514829342693068
FEF,156.0,164.0,2,0.9294366877202491
TFY,163.2,154.6,2,0.7590323151958029
YWA,22.9,98.1,1,0.6882415150986569
VYW,151.1,138.5,2,0.39827685615470154
PFA,41.2,108.5,1,0.8418098942740431
LNF,154.3,145.3,2,0.6144906448423392
PYM,104.2,132.5,2,0.15473627187486363
FIF,143.9,166.2,2,0.6056620831369279
FTL,163.3,154.0,2,0.6771294263425089
WIW,150.7,162.2,2,0.9796475790447017
PWF,98.3,119.7,2,0.1518136867012679
PFM,43.4,113.0,1,0.7410064747613934
PNF,51.6,127.3,1,0.38511744169613704
FWV,32.9,110.6,1,1.0
MNM,161.5,148.1,2,0.5895120996774458
FYW,158.9,157.6,2,0.777437661683341
ITW,162.2,163.6,2,0.877964851897335
WSI,136.3,158.8,2,0.46970149659160715
WYF,155.5,156.7,2,0.9245030461566601
WCF,149.0,162.5,2,1.0
FSV,143.8,159.7,2,0.7054096254843911
YIQ,168.8,152.4,2,0.4499156293774362
FRW,152.4,154.9,2,0.9502869933840561
PII,158.7,158.4,2,0.8915479617230505
ITV,158.7,157.4,2,0.7428606903835548
PWL,43.9,101.2,1,0.6757688658941285
YTY,154.0,165.4,2,0.9455970844677222
MYM,156.1,127.4,2,0.20718575185949198
FIW,148.5,165.8,2,0.8097443550761083
YAF,137.4,157.6,2,0.5431623888954955
WTW,156.7,165.4,2,0.8874310538508055
FNF,154.4,162.5,2,1.0
WAW,139.9,154.3,2,0.572253019339254
IWV,112.1,118.1,2,0.18213390297475435
YRF,148.9,159.1,2,1.0
FWF,123.2,138.7,2,0.230782388795889
WTV,143.6,163.6,2,0.6578958343123044
IQW,162.0,162.8,2,0.8770348041236778
WNW,148.2,145.7,2,0.5743278161543516
PVW,140.6,163.4,2,0.5570794042349916
YFQ,138.8,147.4,2,0.5128220211139217
MNF,152.9,145.7,2,0.6734208420162859
IYF,164.0,156.7,2,0.6985065138559994
INF,130.3,156.6,2,0.3088446524805814
PWM,51.1,102.0,1,0.48233968371823666
FVF,150.3,168.6,2,0.6556536103803091
CQF,162.1,159.5,2,0.9042511989076629
YCF,151.8,162.4,2,0.9999999999999993
PYF,151.6,158.9,2,1.0
VFV,131.7,131.4,2,0.2494320001235241
IFV,159.3,143.8,2,0.5183396912285994
WQF,162.6,163.6,2,0.9444354168492096
FYF,158.7,159.3,2,0.8269006626447681
WTF,153.1,166.8,2,0.8742622951709033
FSF,149.0,165.7,2,0.8862310113087926
ISW,156.1,159.9,2,0.8681190617618003
VHF,160.6,148.3,2,0.6043665477857422
IYV,162.5,146.2,2,0.510242695151595
VTF,165.6,166.3,2,0.7415943297291658
FHF,160.9,151.4,2,0.7142706659731051
VWI,157.4,143.1,2,0.5702643530927016
FQW,162.7,164.3,2,0.9491079768092247
PNM,41.4,143.6,1,0.2959259618036208
MSF,155.4,165.2,2,0.8357976383716939
WAF,136.0,159.7,2,0.4457739808615235
WQW,161.8,165.3,2,0.8036029976162218
YNF,151.0,155.9,2,0.9958960155157508
YQF,157.9,162.6,2,1.0
PWV,70.6,133.9,-1,0.0
FMF,151.8,161.8,2,0.903488868128141
FNI,155.7,152.6,2,0.7924121571464141
PFV,153.2,146.3,2,0.7093069458917686
ISF,160.2,164.2,2,0.9958960155157404
FTW,159.9,162.4,2,1.0
PYI,154.3,144.2,2,0.5830630877894243
YTF,154.0,167.0,2,0.7927548218790355
FSM,151.5,144.1,2,0.624553531808091
MQF,167.7,162.1,2,0.6053565018444506
FSW,149.6,164.2,2,0.9455970844677135
WHF,159.6,155.0,2,0.8676691425495334
FWN,25.3,101.9,1,1.0
WYI,154.1,142.3,2,0.5004738316807456
PWA,40.1,88.1,1,0.4479808130480639
MYV,139.5,140.0,2,0.37929063544808833
WSF,145.1,166.0,2,0.7003905537280771
VQF,166.0,161.1,2,0.7676023064661393
PTW,137.9,164.3,2,0.45120609624855496
ITM,161.4,163.7,2,0.8952285111346612
CSF,155.9,164.8,2,0.934169509603408
MTF,162.3,167.4,2,0.6872893932056613
VYV,161.6,148.3,2,0.5864344170014161
FTY,167.5,153.6,2,0.4806262475407694
FNW,153.4,149.9,2,0.7014570487174496
FAF,138.7,162.9,2,0.48005418673791383
VYF,166.5,158.3,2,0.6019502800488373
FTF,154.2,168.1,2,0.6738415985971795
PTF,143.7,169.5,2,0.4806262475407682
ITF,166.0,167.9,2,0.5858108084179822
FNV,140.4,152.4,2,0.5772178645853894
IQF,166.5,163.0,2,0.7404740959631588
VTI,161.5,163.2,2,0.8915479617230436
FQF,162.1,162.7,2,0.9042511989076629
FQV,156.4,155.2,2,0.8862310113087951
LTF,164.2,169.7,2,0.5263323463353354
FNC,91.3,151.4,-1,0.0
WTI,147.4,169.4,2,0.5515122794930799
VYI,164.5,150.2,2,0.7891788502033165
FAW,138.4,159.9,2,0.5134264079130787
LQF,166.1,163.1,2,0.7913868228927518
VFI,162.1,137.0,2,0.3343962326161461
PWC,34.7,104.2,1,0.8863108501940979
WSW,150.2,164.1,2,0.9620175190745579
YSF,147.5,166.0,2,0.767291221425413
VWV,166.1,136.3,2,0.26843163334509046
IYI,162.3,148.3,2,0.6289590101334052
IWI,162.8,151.5,2,0.7404740959631596
ISI,157.7,163.8,2,0.9042511989076629
FSI,142.3,167.9,2,0.4687416514705935
PNW,35.5,125.8,1,0.5175636786717512
WNI,159.0,152.8,2,0.7939576585419978
VSF,159.6,165.7,2,1.0
FTI,151.2,169.8,2,0.567162831309841
IFI,167.1,152.0,2,0.5289609913843539
