peptide,beta,para,Amy
CITI,60.4,98.9,1
CPC,30.3,0.0,0
CPM,25.2,49.0,0
CSF,49.3,63.9,1
CVP,39.1,0.0,0
FNC,56.2,21.0,1
FNFG,38.4,0.0,1
FNV,47.5,56.9,1
FNWG,38.3,53.5,1
FPSP,27.9,0.0,0
FQV,77.0,100.0,1
FTFG,76.8,91.9,1
FTGI,82.6,100.0,1
GFNF,41.4,51.1,1
GFNM,63.6,99.0,1
GFTV,64.8,97.1,1
GWNM,47.6,89.0,1
ISI,69.3,100.0,1
ITIG,56.8,77.8,1
ITM,78.9,100.0,1
MNMG,71.4,0.0,1
MPC,22.9,0.0,0
MPMT,24.6,79.2,0
PAC,39.1,0.0,0
PCV,37.1,95.1,1
PFT,34.1,0.0,0
PGI,31.6,75.0,1
PGPV,42.2,0.0,1
PGWG,20.1,0.0,0
PGYG,20.9,0.0,0
PNW,15.2,0.0,0
PYRD,29.9,100.0,0
RCVD,32.5,0.0,0
RYDV,29.7,0.0,0
VCP,24.2,36.8,0
VFDR,44.1,100.0,0
VPGV,32.6,89.1,0
VSF,62.9,97.5,1
VTFC,68.0,91.3,1
VTI,83.6,100.0,1
WNFG,50.8,0.0,1
YERV,35.0,0.0,0
YNY,48.3,0.0,1
YPNI,40.4,0.0,0
YREI,31.6,32.8,0
YSF,58.6,37.9,1
FGMTV,68.5,0.0,1
FGVSF,73.4,93.3,1
FTGFG,45.6,0.0,0
GGFQF,39.1,3.4,1
GGFTF,47.9,45.4,1
GGWTF,71.4,85.5,1
MGFTV,79.0,0.0,1
MGWNM,57.5,68.8,1
MNWGM,55.7,23.9,1
VGFTV,53.8,90.4,1
VTFGV,73.5,93.7,1
WGWNG,38.8,0.0,0
WNWGG,56.6,9.9,1
WTGFG,42.6,0.0,0
