peptide,f1,f2,f3,sem,logF/F0,sem_log
CPC,2830,2905,3311,121.99301740794962,0.25628091551113213,0.01887170220722157
PNW,3926,4361,3905,121.35073135337917,0.38589928609675755,0.014682913127717807
PTF,2049,5309,2793,805.3384841630718,0.3063331598765223,0.1035945215841886
YSF,318320,317697,303731,3888.6168444529176,2.272835742209468,0.008745539570626524
FNV,201764,143879,155983,14392.745088591864,2.000204370617459,0.03801151779919499
VSF,130263,83632,112147,11081.758187152367,1.8130978806150235,0.04481557737223216
FQV,106229,108003,98660,2339.1078229546,1.7952187913795097,0.011928434609366692
CSF,3333454,3055061,3285502,70159.89970905878,3.2854311783332952,0.011692016981870534
VTI,2830,2905,3311,121.99301740794962,0.72628091551113213,0.01887170220722157
FNC,1855426,1739702,1803198,27319.47492581478,3.0320834397626473,0.009533819252015005
ISI,650307,614311,676969,14823.154090313748,2.587981187592825,0.012097952220219345
CPM,2602,2738,2462,65.05610114582872,0.19203027807700485,0.012862513733663766
MPC,3451,2819,5274,600.9183712359683,0.36218065018667006,0.06816977625222564
PPC,3133,2841,2796,86.2507112155325,0.2428239254672728,0.014546661418474452
PFT,6166,2496,2555,990.9161866116069,0.34970105197511436,0.11530327830259222
YNY,332131,426702,608681,66259.85125415104,2.4357561132431713,0.0635027863215686
PCV,314635,404405,453707,33238.95599822371,2.3690286627546535,0.03756395905301091
PAC,1956,2326,3336,336.7271672811465,0.18166530042615975,0.05799966349595636
VCP,2232,2180,2204,12.268598881637567,0.12041982864572258,0.007297683293420161
CVP,3766,3983,3655,78.6445354933384,0.3568815407386547,0.011320278117250362
PCP,2880,2686,4407,444.3557967148331,0.2986501511415184,0.05845811616140837
PGI,2191,2806,6454,1086.2660815840657,0.3586677467699935,0.12378596386274403
YRF,2020,2189,2105,39.83391445415252,0.10012890965743082,0.010722954618010271
FRW,1931,2007,2149,52.162140378716146,0.08422763385424072,0.013117756068117305
FEF,39402,36844,37716,613.0175515582881,1.3565843944775695,0.009825297562474373
FRF,2147,6876,2229,1276.0583697319505,0.3510540555943956,0.14791680386547149
IRF,1400,1400,1446,12.5196142408918,0.07219567806878777,0.007885245451126366
ITM,50013,49742,53541,999.1223185413323,1.4853551549230453,0.01093286169909493
FTGI,30426,67465,154408,30001.548783477956,1.7017398612738106,0.15508231313772852
GFTV,4731,5326,6100,323.59451078071055,0.5081850570796114,0.026987635194795905
GFNF,288695,305202,341239,12666.69349997158,2.2706991084864647,0.01894383121404215
GFNM,2077597,1505319,2056081,152910.50737628882,3.051026195640855,0.03599462223814626
MNMG,3081,2809,11269,2266.412796240562,0.5343163063402206,0.17222651908447767
FNFG,2667345,2707399,2613646,22175.67112517346,3.2022835914437833,0.00777817874013209
VTFC,1468299,1582768,1152842,104960.77508711953,2.9234776385950214,0.03325051187566191
FTFG,6179,13234,4552,2175.5993469659156,0.679401765429039,0.11847912319617243
FNWG,403372,705922,913054,120832.89793760638,2.6056802219692496,0.07814971907768402
WNFG,499326,498248,459680,10646.60965684312,2.4633595881843555,0.011748456371487827
PGYG,1997,2013,5558,967.011471072182,0.28064549874556793,0.1318587822760609
GWNM,103900,70774,83332,7883.592582065616,1.711454137818696,0.040401876283675996
PGWG,2282,2370,2326,20.741798914805397,0.1435552972133243,0.007900456169662026
CITI,3583933,3941643,4056663,116214.95049484175,3.3636168544763674,0.014775725583947913
ITIG,306920,335695,216411,29343.78119617322,2.2338306408517368,0.045035247019357495
GPPA,1701,1722,1790,21.930867811442457,0.016912057028251402,0.008801260451204822
PAPP,1572,1672,1625,23.584363935078308,0.0127358933528734,0.0093405631902927
PYRD,2274,2249,2231,10.179863929818985,0.12938538840062502,0.007160672219936138
VPGV,2012,1924,1961,20.829110683172527,0.07045545987903885,0.008282340868898258
PGPV,67618,52158,41504,6189.777450675339,1.5074048468666637,0.05047539258899989
PFPS,2492,2579,2538,20.517381971464175,0.1811519162017837,0.00773054423564796
YPNI,2359,2580,2610,64.619111953273,0.17771375747271628,0.013107248644494118
FPSP,11380,12800,11781,345.1012733805671,0.8556560921491709,0.014274044077645596
PPPA,11380,12800,11781,345.1012733805671,0.8556560921491709,0.014274044077645596
MPMT,3098,3181,2785,98.44607472941536,0.2571442289565732,0.015737435913681264
YERV,2340,2446,2386,25.056972120586558,0.15546461299137748,0.008254623676699345
YREI,2210,2438,2207,62.465990746965666,0.13583179122676373,0.013724972820262587
VFDR,1969,2124,2045,36.536131279719385,0.08785121619703609,0.010371321827762901
RYDV,2205,2298,1991,74.21041156862819,0.11233661639121492,0.016404074674604596
RCVD,2147,2251,2128,31.213719680555478,0.11447140155308842,0.009287224696390173
NFKF,2774,3625,3730,247.14383276560653,0.30539090323452656,0.03252714001392112
SYKF,6818,7996,5017,707.2567243046008,0.5971689466359262,0.04697377346293529
FKNF,13303,11850,16498,1120.8980856966964,0.9194497649573248,0.035732575631643886
FNFK,3703,3594,4604,261.3201527288361,0.3754077872950452,0.029425582465393726
FRFG,3562,3849,3484,90.61068533178798,0.33705156668350666,0.01283868063975264
VGFTV,1159991.322682,1136284.281064,1171259.396254,8415.708387373561,2.839845185474573,0.00757745170228859
MGFTV,79714.56345,82350.761475,78444.675075,939.2602975359765,1.680957470418283,0.008562008966732055
FGMTV,35933.424034,64680.673624,31211.902342,8539.355030733379,1.4198254065696283,0.08467795602850553
VTFGV,105739.688929,98278.540262,95960.770809,2408.8420013835776,1.7769151851430904,0.012525036585360944
GGWTF,68918.446456,70556.575083,75060.978461,1499.4297017444612,1.6313245110905104,0.011416637590049072
WTGFG,831.181957,2924.760936,3606.057106,681.6963999248934,0.16682014515288887,0.12083898466067836
GGFTF,60330.833421,55946.039686,54993.126893,1341.9936781411539,1.5335056298275775,0.012314159549400192
FTGFG,7564.508925,7235.468063,7547.023012,87.27142255641279,0.6490435610951214,0.008562008962411247
GGFQF,562449.51247,549700.683639,570069.80389,4851.50811866424,2.5257071241205926,0.007844600012332156
MNWGM,1866192.03168,1809778.818323,2065057.149997,63215.33233696155,3.05881399710434,0.0159133193260771
WGWNG,2508.106079,3092.864874,2076.029047,240.56942549051274,0.18501587270808018,0.04140430503469138
FGWNA,31624.669852,6506.204051,25310.126097,6159.600369858846,1.102194352108432,0.1266865773001033
MGWNM,104930.966826,141455.450689,151719.582484,11592.725813351457,1.8998230551433077,0.03855943332155832
WNWGG,50695.590311,50332.117885,49908.291804,185.74970121331555,1.478617168541386,0.0070703456024590996
FGVSF,870421.138413,792751.936929,844874.924658,18660.63369391202,2.699160176036486,0.011890734002478828
