peptide,AP@200ns,ALT@200ns,ALT@2000ns
FGA,2.828,0.4171568627450981,0.6848958333333334
KLV,1.186,0.0188112745098039,0.0199142156862745
YAY,2.593,0.198406862745098,0.2401041666666666
DFM,1.703,0.1941176470588235,0.164031862745098
NCF,2.061,0.2278186274509803,0.3
LFH,2.104,0.2704044117647058,0.2916053921568628
VFL,3.498,0.3231617647058823,0.3327380952380952
GCC,2.051,0.2753676470588235,0.2864583333333333
HDH,1.012,0.0,0.0
EGV,1.097,0.0059436274509803,0.0049019607843137
AAC,1.891,0.2315563725490196,0.2447916666666667
PAF,2.988,0.1999387254901961,0.2578125
CCV,3.332,0.3382352941176469,0.2661458333333333
SEE,1.031,0.0,0.0
QAT,1.107,0.0086397058823529,0.010110294117647
IAV,2.237,0.2159313725490196,0.1823529411764706
MGM,2.726,0.4363970588235293,0.3953125
TMF,2.733,0.4246936274509804,0.5711111111111111
WFM,3.367,0.3815563725490196,0.6317708333333333
FGF,3.801,0.4402573529411764,0.3598958333333333
RFD,2.132,0.2368259803921568,0.2407475490196078
CFH,2.04,0.3067401960784314,0.2917892156862745
HDR,1.129,0.0024509803921568,0.0013480392156862
GFM,3.139,0.4441789215686274,0.6401041666666667
PFF,3.761,0.3902573529411765,0.7989583333333333
RGE,1.459,0.1020220588235294,0.0738357843137254
AIP,2.322,0.1730392156862745,0.1703124999999999
NFM,2.683,0.3757352941176471,0.7494791666666667
MLF,3.761,0.371078431372549,0.2794444444444444
ERY,1.566,0.0826593137254902,0.134375
ICA,2.475,0.2808210784313725,0.3348958333333334
DRF,1.775,0.0415441176470588,0.0798406862745098
QFE,1.169,0.0215686274509803,0.0264705882352941
VFR,1.884,0.1778186274509804,0.2326704545454545
KMI,1.396,0.0633578431372549,0.0585171568627451
TWF,2.759,0.4515931372549019,0.5901041666666667
YCV,2.993,0.2394607843137254,0.2385416666666666
SFF,2.978,0.3278186274509804,0.5796875
FHF,2.87,0.7331495098039216,0.8572916666666668
LMA,2.47,0.3121323529411764,0.3135416666666666
WIT,1.664,0.1150122549019607,0.1338848039215686
HFA,1.428,0.1414215686274509,0.1583333333333333
ALY,2.048,0.1808823529411764,0.3940563725490196
PHF,2.288,0.3591299019607843,0.8072916666666666
RVF,1.777,0.1485294117647058,0.3940340909090908
GIL,2.389,0.3061887254901961,0.3612132352941177
CFI,3.576,0.396078431372549,0.3333333333333333
NIA,1.194,0.0348039215686274,0.039828431372549
MLI,3.381,0.2710784313725489,0.2703125
IFG,3.378,0.4061887254901961,0.409375
QFV,2.182,0.232781862745098,0.3218749999999999
DRY,1.62,0.0503063725490196,0.0534926470588235
TYW,1.948,0.2188725490196079,0.4971200980392157
EWF,2.083,0.175,0.330514705882353
VIC,3.017,0.338296568627451,0.3244791666666667
YDH,1.052,0.0016544117647058,0.0003676470588235
FIQ,2.417,0.2933823529411765,0.4473958333333332
WMI,3.385,0.2618259803921569,0.3255208333333333
LMG,3.038,0.3996936274509804,0.3145833333333334
HVF,1.749,0.2607843137254902,0.422671568627451
APG,1.17,0.014828431372549,0.0151348039215686
GLV,2.151,0.2558210784313725,0.259313725490196
MMR,1.926,0.2043504901960784,0.2255681818181818
PIP,3.06,0.1081495098039216,0.1135416666666666
NMI,2.065,0.2256127450980392,0.2062499999999999
CGY,1.773,0.1805147058823529,0.2515931372549019
ILL,3.158,0.2622549019607843,0.2570465686274509
QMP,1.318,0.0417892156862745,0.0462009803921568
VIG,1.722,0.2012867647058823,0.2252450980392156
YMA,2.639,0.335968137254902,0.3979166666666666
FKF,1.979,0.2443627450980392,0.7441176470588236
LSL,1.11,0.0169117647058823,0.0066176470588235
WPA,1.78,0.0661151960784313,0.0580269607843137
AWV,2.111,0.260906862745098,0.5626838235294117
GRA,1.164,0.028125,0.0272058823529411
NYL,1.644,0.1563725490196078,0.2130514705882353
MVF,3.38,0.3229779411764705,0.3999999999999999
PLI,2.944,0.177328431372549,0.1739583333333333
CLI,2.893,0.2477328431372549,0.3140624999999999
IMC,2.818,0.2985906862745098,0.3208333333333333
QWW,2.428,0.3229779411764705,0.5488888888888889
VLL,2.773,0.2622549019607842,0.2421875
LWH,1.634,0.1509191176470588,0.2007965686274509
YMY,2.794,0.2924019607843137,0.2421875
WPV,2.794,0.0753676470588235,0.0698529411764705
FLQ,2.327,0.2972426470588236,0.3255208333333333
GRD,1.436,0.0625612745098039,0.0675245098039215
PLM,3.108,0.2660539215686275,0.2255208333333333
MVG,2.477,0.3147671568627451,0.2799632352941176
CPW,2.077,0.0559436274509803,0.0700367647058823
IVC,2.516,0.2869485294117647,0.3609374999999999
VMM,3.514,0.3816176470588235,0.3348958333333333
WRF,2.143,0.5069240196078432,0.8142045454545453
FNH,1.202,0.0333333333333333,0.0519607843137254
GYF,2.915,0.3903799019607843,0.5973958333333335
YSL,1.197,0.0212622549019607,0.0297794117647058
LYI,3.053,0.3233455882352941,0.3067708333333334
PLY,2.763,0.2142769607843137,0.2125
CRE,1.507,0.0783088235294117,0.1280637254901961
IYA,2.669,0.2544730392156862,0.4887254901960784
FNV,2.666,0.4696691176470588,0.8897727272727273
VQM,1.378,0.1049019607843137,0.0672794117647058
WSM,1.678,0.2924632352941176,0.3750612745098039
YVQ,1.781,0.2714460784313725,0.4467524509803921
PPN,1.639,0.0662377450980392,0.0569240196078431
CSF,1.889,0.5536764705882352,0.6765625
YWL,2.875,0.1791053921568627,0.3664215686274509
WVA,2.461,0.2650122549019608,0.3129901960784313
FPI,3.073,0.0840073529411764,0.065625
VWI,2.993,0.3372549019607844,0.8588541666666667
PRW,1.6,0.0814950980392156,0.1017769607843137
CWC,3.143,0.3164828431372549,0.5723958333333333
YWP,2.701,0.1141544117647059,0.1135416666666666
FPV,2.953,0.0994485294117647,0.1098958333333333
WVF,3.301,0.6136642156862745,0.8046875
PYT,1.662,0.0661764705882353,0.0973039215686274
CYS,1.316,0.0639093137254902,0.1828431372549019
FQM,2.435,0.4547181372549019,0.7682291666666666
YYN,2.627,0.2742647058823529,0.2427083333333333
WWE,1.759,0.1205882352941176,0.1164828431372549
FQP,2.501,0.1910539215686274,0.1975490196078431
WWM,3.237,0.3025735294117647,0.7463541666666668
YYQ,2.412,0.1870098039215686,0.2927083333333333
FVD,1.473,0.1099877450980392,0.1063725490196078
WWQ,2.345,0.2318014705882352,0.7209558823529412
FWG,3.273,0.5235294117647059,0.7062499999999999
WYC,2.919,0.3059436274509804,0.6239583333333333
FWT,2.869,0.2293504901960784,0.5895833333333333
WYP,2.954,0.0837622549019607,0.1166666666666666
FWW,3.404,0.2673406862745098,0.4880208333333333
