peptide,AP(single run),AP_mean(three runs),SEM(three runs),SEM/AP_mean
FGA,2.828,3.0543333333333336,0.09518675600375577,0.03116449503560704
KLV,1.186,1.211,0.01033870827951391,0.008537331362108927
YAY,2.593,2.6626666666666665,0.07468799298613056,0.028050072478516735
DFM,1.703,1.5976666666666668,0.04949822293854673,0.03098157079399962
NCF,2.061,2.1736666666666666,0.049534125909615416,0.022788280590223316
LFH,2.104,2.0180000000000002,0.04479087208597556,0.022195674968273318
VFL,3.498,3.530666666666667,0.01843507124618315,0.005221413683775439
GCC,2.051,2.2523333333333335,0.10224407978876751,0.045394737215673005
HDH,1.012,1.0083333333333333,0.001655518269527953,0.0016418363003583005
EGV,1.097,1.088,0.0040276819911981695,0.0037019135948512583
AAC,1.891,1.7243333333333333,0.06817352587060196,0.039536164239668645
PAF,2.988,3.135666666666667,0.0602851250002544,0.019225616562215712
CCV,3.332,3.183333333333333,0.06493985821654663,0.020399955460695278
SEE,1.031,1.028,0.0014142135623730963,0.001375694126822078
QAT,1.107,1.0933333333333333,0.006152385866625393,0.005627182195084201
IAV,2.237,2.1806666666666668,0.02305709499545921,0.010573415620051608
MGM,2.726,2.8686666666666665,0.05829109581961769,0.02031992649998293
TMF,2.733,2.6613333333333333,0.029266337634191966,0.010996870353529045
WFM,3.367,3.4136666666666664,0.09480076574155492,0.027770949831526687
FGF,3.801,3.5163333333333333,0.11640192183725931,0.033103210305410746
RFD,2.132,1.9563333333333333,0.07204062639824736,0.03682431064827775
CFH,2.04,1.9196666666666669,0.054590054717632196,0.02843725718925101
HDR,1.129,1.1383333333333334,0.010607474653211182,0.009318425756847304
GFM,3.139,3.220333333333333,0.037289656991162115,0.011579440117325986
PFF,3.761,3.7739999999999996,0.07349527573630535,0.01947410591846989
RGE,1.459,1.4820000000000002,0.028241026106633507,0.01905602301392274
AIP,2.322,2.1769999999999996,0.07296726815649762,0.03351734871681104
NFM,2.683,2.688333333333333,0.03354046754240259,0.012476305347452919
MLF,3.761,3.3960000000000004,0.15679498291293215,0.046170489668119
ERY,1.566,1.708,0.06429791771295726,0.03764515088580636
ICA,2.475,2.6453333333333333,0.07073633881980057,0.02674004743692058
DRF,1.775,1.8256666666666668,0.028309139997665187,0.015506193170165338
QFE,1.169,1.1676666666666666,0.0007200822998231191,0.0006166848128659313
VFR,1.884,1.7636666666666665,0.05046524289786722,0.02861382133691205
KMI,1.396,1.445,0.060223657219475576,0.04167727143216303
TWF,2.759,2.837666666666667,0.048820153701185864,0.017204329978099096
YCV,2.993,2.7923333333333336,0.08779943474043976,0.03144303500314185
SFF,2.978,3.0046666666666666,0.062706252272593,0.02086962023716208
FHF,2.87,2.8183333333333334,0.04632813719864306,0.01643813265475212
LMA,2.47,2.7146666666666666,0.10211250150183841,0.037615115975628104
WIT,1.664,1.5853333333333335,0.032284613925154755,0.020364558825791475
HFA,1.428,1.4543333333333333,0.014455551285335442,0.009939641039653066
ALY,2.048,2.0576666666666665,0.034872253642030004,0.016947474635686056
PHF,2.288,2.1466666666666665,0.08213448772637517,0.03826140732595117
RVF,1.777,1.8636666666666668,0.041497880356399855,0.022266793251511277
GIL,2.389,2.3219999999999996,0.06475080437080805,0.02788578999604137
CFI,3.576,3.6009999999999995,0.05215574965641107,0.014483684992060838
NIA,1.194,1.1973333333333334,0.0014401645996461926,0.001202810077655506
MLI,3.381,3.292666666666667,0.04455292316967493,0.013530954596985703
IFG,3.378,3.3876666666666666,0.044722187715652686,0.013201472315945888
QFV,2.182,2.203333333333333,0.09796862687540252,0.044463824603057124
DRY,1.62,1.617,0.01960158723731887,0.012122193715101343
TYW,1.948,1.811,0.05894818817308032,0.03255007629656561
EWF,2.083,2.0563333333333333,0.01152131679716954,0.005602844932972706
VIC,3.017,2.936666666666667,0.03971099297377185,0.013522472068253749
YDH,1.052,1.0476666666666667,0.0019051586888313668,0.001818477908525008
FIQ,2.417,2.5256666666666665,0.055572441878113436,0.02200307847886239
WMI,3.385,3.265333333333333,0.06611493919822638,0.020247531400028496
LMG,3.038,2.7993333333333332,0.1092869142652935,0.0390403361271589
HVF,1.749,1.8230000000000002,0.06621849355647476,0.0363239130863822
APG,1.17,1.1713333333333333,0.006622073078111713,0.005653448843009431
GLV,2.151,1.8479999999999999,0.12846011054019837,0.06951304682911168
MMR,1.926,1.8646666666666667,0.03343429155600358,0.01793043880372019
PIP,3.06,2.9459999999999997,0.04694204464609054,0.01593416315210134
NMI,2.065,1.9533333333333331,0.04960809372434059,0.025396635012461057
CGY,1.773,1.9433333333333334,0.11062080709777414,0.05692322835219939
ILL,3.158,3.035,0.07406753674856478,0.02440446021369515
QMP,1.318,1.3063333333333333,0.016946539032651625,0.012972599412593742
VIG,1.722,2.0036666666666663,0.11782504292696326,0.058804712823305585
YMA,2.639,2.5246666666666666,0.06387545752536,0.025300550907853183
FKF,1.979,2.087666666666667,0.05286740927039037,0.025323683188754765
LSL,1.11,1.1106666666666667,0.007547381198996314,0.006795361223586117
WPA,1.78,1.918,0.06553031529164358,0.03416596209157642
AWV,2.111,2.345666666666667,0.12891886624568982,0.054960437507044116
GRA,1.164,1.162,0.003399346342395193,0.0029254271449184106
NYL,1.644,1.6073333333333333,0.05216285041064148,0.03245303841392046
MVF,3.38,3.2733333333333334,0.04673645575240266,0.014277939639226881
PLI,2.944,2.989333333333333,0.025756696360507977,0.008616200834246647
CLI,2.893,2.9583333333333335,0.04619122892530179,0.015613936538130181
IMC,2.818,3.1013333333333333,0.12876191063210282,0.041518242895132035
QWW,2.428,2.472,0.06612614208213471,0.026750057476591715
VLL,2.773,2.808,0.01528252451513021,0.005442494485445232
LWH,1.634,1.648,0.07000158728359111,0.04247669131285869
YMY,2.794,2.711,0.03821866908549623,0.01409762784415206
WPV,2.794,2.5943333333333336,0.12268327182295555,0.047288939415246894
FLQ,2.327,2.547,0.14042870868245652,0.05513494647917413
GRD,1.436,1.4270000000000003,0.010338708279513912,0.0072450653675640575
PLM,3.108,3.175333333333333,0.027553315321122155,0.008677298547487557
MVG,2.477,2.298,0.11287849908443841,0.04912032162073038
CPW,2.077,2.268333333333333,0.12684227592945094,0.055918710916730764
IVC,2.516,2.827666666666666,0.1348104293140996,0.04767550252767875
VMM,3.514,3.531333333333333,0.06309487271532421,0.01786715293052413
WRF,2.143,2.1966666666666668,0.03941328973084351,0.017942317024663205
FNH,1.202,1.201,0.013912424503139459,0.011584033724512454
GYF,2.915,2.966666666666667,0.0484385827238607,0.016327612154110348
YSL,1.197,1.239,0.03760614606978785,0.030352014584170982
LYI,3.053,2.993,0.045762672804614754,0.015289900703179003
PLY,2.763,2.841666666666667,0.05549240855655307,0.019528120313156504
CRE,1.507,1.6046666666666667,0.043061540802626856,0.02683519368672218
IYA,2.669,2.5636666666666668,0.045729478295571904,0.017837528915188625
FNV,2.666,2.8156666666666665,0.062461247245051185,0.022183466524819884
VQM,1.378,1.3153333333333332,0.032935402544082254,0.02503958632342797
WSM,1.678,1.5196666666666667,0.06767296084574421,0.04453145043589222
YVQ,1.781,1.8013333333333332,0.02299919483292759,0.012767872779197404
PPN,1.639,1.579,0.07751128950030442,0.04908884705529096
CSF,1.889,2.0286666666666666,0.06013010585081007,0.02964020991660043
YWL,2.875,2.864333333333333,0.038899681042203677,0.013580710243990577
WVA,2.461,2.3556666666666666,0.06380758111233657,0.0270868463756912
FPI,3.073,3.1966666666666668,0.0507287631172633,0.015869268962647537
VWI,2.993,3.017333333333333,0.07958270796729279,0.026375179397025893
PRW,1.6,1.6283333333333336,0.03608118418028782,0.022158352618395792
CWC,3.143,2.973333333333333,0.06970147987163755,0.023442201750550746
YWP,2.701,2.812666666666667,0.08157387018093658,0.029002324074758203
FPV,2.953,3.039333333333333,0.046548262488955904,0.015315287065899071
WVF,3.301,3.1993333333333336,0.043082178149138145,0.013465986085373456
PYT,1.662,1.6673333333333333,0.07545614375005943,0.04525558401642909
CYS,1.316,1.353,0.02623398982660133,0.019389497284997285
FQM,2.435,2.6253333333333333,0.07836146067116485,0.029848194770631612
YYN,2.627,2.526666666666667,0.05334652614605612,0.021113400849362578
WWE,1.759,1.615,0.06544378418833133,0.04052246698967884
FQP,2.501,2.5209999999999995,0.04970133018564208,0.01971492669006033
WWM,3.237,3.2783333333333338,0.04088556749795249,0.012471449160534566
YYQ,2.412,2.646333333333333,0.09630545540487698,0.03639203504403967
FVD,1.473,1.462,0.03026916289265732,0.02070394178704331
WWQ,2.345,2.3560000000000003,0.06121183618295473,0.0259812547465852
FWG,3.273,3.3456666666666663,0.03939919156907018,0.011776185584060033
WYC,2.919,2.906333333333334,0.037131398313835995,0.012776028780996441
FWT,2.869,2.7793333333333337,0.1313065398501057,0.047243897763290604
WYP,2.954,3.0363333333333333,0.049643917235835756,0.01634995627483887
FWW,3.404,3.457666666666667,0.021940998322943515,0.006345608307030805
