peptide,AP(sim),ALT(sim),ML_Posative
SFPM,2.532,0.1181437125748502,N
GAPF,3.28,0.2516467065868263,N
MFPS,2.973,0.1999800399201596,N
IATI,1.754,0.1624700598802395,Y
PAPC,3.382,0.1721007984031936,N
LAPC,3.512,0.2486676646706587,N
WFNG,3.045,0.6663073852295409,Y
FAER,2.258,0.2243612774451097,N
YAPA,3.549,0.2430239520958083,N
CAPL,3.352,0.2629141716566866,N
ACPL,3.229,0.2446606786427145,N
VATF,2.265,0.3357135728542914,Y
NGWF,2.983,0.5945758483033932,Y
RCVD,2.106,0.1913522954091816,N
ACPV,3.28,0.2377195608782435,N
PAPP,3.576,0.1399051896207584,N
FASF,3.269,0.3639121756487026,Y
CAPV,3.348,0.2799201596806387,N
LCPG,3.332,0.2481786427145708,N
GCPI,3.261,0.2571057884231537,N
NPYY,2.588,0.0851347305389221,N
VCPG,3.295,0.2605588822355289,N
YCTF,3.139,0.39187624750499,Y
IGTF,3.688,0.8899201596806388,Y
RPFD,2.227,0.0590469061876247,N
MGNM,2.377,0.1972455089820359,Y
WGNF,3.018,0.5797654690618762,Y
ACPY,3.185,0.2649800399201596,N
PCPG,3.231,0.2065119760479042,N
CFSF,3.622,0.7369061876247505,Y
VCTF,3.094,0.5932684630738522,Y
FATV,2.656,0.2344161676646706,Y
RYAD,2.428,0.2377195608782435,N
LPCG,2.95,0.2148003992015968,N
YERV,2.212,0.1487475049900199,N
NWGF,3.063,0.7118862275449103,Y
WGNM,2.053,0.2382634730538922,Y
MNGM,2.119,0.3824051896207584,Y
IGTI,1.507,0.0684580838323353,Y
GCPL,3.154,0.2937574850299401,N
AFER,2.195,0.1938023952095808,N
PCPP,3.557,0.1402744510978044,N
VFDR,2.418,0.1514321357285429,N
YGRE,2.214,0.265189620758483,N
IPCG,2.958,0.1932185628742515,N
FCNF,3.253,0.7371956087824351,Y
CFTV,3.206,0.6804690618762474,Y
GCPP,3.127,0.2646057884231537,N
MNMG,3.524,0.8318512974051897,Y
WNFG,3.116,0.8190119760479042,Y
NYPY,2.93,0.1288822355289421,N
RYDV,2.423,0.1682285429141716,N
AFSF,3.243,0.7729141716566866,Y
PCRD,2.627,0.2545958083832335,N
ITFG,3.436,0.7500499001996007,Y
YGTF,2.429,0.1829441117764471,Y
VFSV,3.667,0.7082834331337325,Y
FCPT,2.893,0.2348103792415169,N
WNGF,2.805,0.2175,Y
CIPA,3.407,0.239565868263473,N
MPMT,2.782,0.079755489021956,N
GCPY,2.84,0.2243712574850299,N
RYEA,2.147,0.402065868263473,N
AFTV,2.904,0.6446806387225549,Y
ITGF,2.768,0.638438123752495,Y
PCTF,3.527,0.7220409181636727,Y
VFTC,3.263,0.5542814371257486,Y
FCSF,3.729,0.5094560878243514,Y
YGYT,2.901,0.3339021956087824,N
MPPG,3.143,0.1614570858283433,N
WNGM,1.607,0.1422055888223553,Y
RYGE,2.211,0.2081487025948104,N
CIPC,3.673,0.2233283433133732,N
GFNF,3.27,0.8224700598802397,Y
ITGI,1.427,0.0516167664670658,Y
AGPF,3.487,0.2190219560878243,N
PFNM,3.758,0.7894810379241517,Y
YPAA,3.086,0.1854740518962076,N
FERG,2.209,0.2023353293413173,N
VGPM,3.252,0.2007734530938123,N
CIPG,3.188,0.2209481037924152,N
MPVG,3.147,0.1753193612774451,N
GFNM,3.741,0.8962325349301398,Y
ITIG,2.858,0.77187624750499,Y
PFPS,2.562,0.0807884231536926,N
AIPC,3.461,0.2342065868263473,N
YPNI,2.84,0.1015818363273453,N
VGPV,2.977,0.2167564870259481,N
FFNA,3.446,0.5914421157684631,Y
CITI,3.248,0.7981586826347306,Y
MVPG,3.222,0.2250798403193613,N
GFNW,3.682,0.8844461077844312,Y
ALPC,3.206,0.2167065868263473,N
VMPG,3.154,0.2244061876247505,N
YPNY,2.956,0.1264271457085828,N
PFSP,3.169,0.2003592814371257,N
FGGM,3.51,0.420434131736527,Y
CLPA,3.136,0.2246956087824351,N
GFPA,3.324,0.2372504990019959,N
PGGW,3.25,0.3438273453093812,Y
VPFS,2.765,0.1353043912175648,N
APPC,3.56,0.1905738522954091,N
CLPC,3.725,0.2452694610778443,N
YRAD,2.382,0.2215918163672655,N
FGNF,3.311,0.3498902195608783,Y
GFPG,2.905,0.2264071856287425,N
YREA,2.197,0.2062225548902195,N
FGNI,2.712,0.2269960079840319,Y
PGPA,3.147,0.1991666666666666,N
APPP,3.291,0.1187724550898203,N
CLQF,3.443,0.6043912175648704,Y
VPGP,3.167,0.1496407185628742,N
GFQF,2.85,0.8650798403193612,Y
YREI,2.127,0.1255838323353293,N
FGNM,2.991,0.2982684630738523,Y
AVPC,3.283,0.2535379241516966,N
CMTF,3.355,0.712440119760479,Y
VPGV,3.265,0.1191417165668662,N
PGPP,3.565,0.20812874251497,N
GFSF,3.08,0.8424500998003992,Y
FGNW,3.008,0.3074500998003992,Y
YRGE,2.315,0.2236676646706586,N
CPPA,3.636,0.1875598802395209,N
AVTF,3.179,0.7464720558882235,Y
VPMG,3.075,0.1895159680638722,N
PGPV,3.267,0.1475748502994012,N
GFTF,3.254,0.8459780439121756,Y
YTCF,2.745,0.2403592814371257,Y
CPPG,3.192,0.1704041916167664,N
FGQF,2.792,0.2728992015968063,Y
AYRD,2.465,0.2547455089820359,N
PGWG,3.462,0.8291966067864271,Y
VSFV,3.424,0.6642664670658683,Y
GFTI,3.736,0.8906337325349301,Y
YTFC,2.986,0.7497954091816367,Y
CPPP,3.769,0.1225099800399201,N
FGQI,2.777,0.2689970059880239,Y
VTFC,3.188,0.8000948103792415,Y
PGYG,3.446,0.848188622754491,Y
GFTV,3.096,0.9128243512974052,Y
YTGF,2.746,0.5994011976047905,Y
CPVG,2.93,0.207939121756487,N
VTFG,3.605,0.7685279441117765,Y
FGSF,3.285,0.3301197604790419,Y
PMNF,3.542,0.8192415169660678,Y
GIQF,3.188,0.7235479041916166,Y
YYPN,2.977,0.1004041916167664,N
CTFV,3.084,0.7970359281437126,Y
VTGF,2.62,0.7224001996007984,Y
FGTF,3.426,0.3609930139720559,Y
PMNM,3.587,0.6498502994011975,Y
GITF,2.981,0.7618612774451098,Y
CVPA,3.498,0.2526497005988024,N
FGTI,2.511,0.2178742514970059,Y
PMPG,3.35,0.1574051896207584,N
GMPP,3.347,0.2454640718562874,N
CVPC,3.376,0.2488473053892215,N
FGTV,2.69,0.2540518962075848,Y
PMRD,2.709,0.1935079840319361,N
GMPV,2.837,0.2055239520958083,N
CVTF,3.301,0.7562574850299401,Y
PMSF,3.37,0.8075698602794412,Y
FMPS,2.878,0.1890718562874251,N
GMTF,2.943,0.8165419161676647,Y
CYGC,3.632,0.4388522954091816,Y
FNAF,3.167,0.2109730538922155,Y
PPAP,3.525,0.1219860279441117,N
GNWF,3.086,0.6064221556886228,Y
CYGM,3.499,0.4913473053892215,Y
FNCF,3.652,0.4685129740518961,Y
PPGP,3.577,0.1567115768463074,N
GPPC,3.472,0.2531337325349301,N
CYTF,2.863,0.7184580838323353,Y
FNFA,3.807,0.7117714570858283,Y
PPPA,3.375,0.105189620758483,N
GPPM,3.497,0.2365818363273453,N
FNFG,3.553,0.8530389221556886,Y
PPPC,3.688,0.1119710578842315,N
GPPP,3.325,0.1674550898203593,N
FNGF,3.58,0.7438822355289422,Y
PPPG,3.14,0.1326197604790419,N
GPPV,3.018,0.1972205588822355,N
FNGM,2.679,0.5055838323353293,Y
PRCD,2.752,0.2747405189620758,N
GPVP,2.931,0.178502994011976,N
FNGW,2.716,0.2766217564870259,Y
PRCE,2.637,0.2357884231536926,N
GTFI,3.1,0.6899201596806387,Y
FNMG,3.651,0.8573003992015968,Y
PRFD,2.802,0.2200099800399201,N
GVPP,2.993,0.220439121756487,N
FNNF,3.065,0.8769161676646707,Y
PRYD,2.596,0.1606487025948103,N
GWNF,3.292,0.7612724550898204,Y
FNTF,3.058,0.6597205588822355,Y
PSFP,3.131,0.2230788423153692,N
GWNM,3.231,0.7933433133732536,Y
FNWG,3.417,0.7801047904191616,Y
PSPF,2.543,0.0913373253493014,N
GYTF,2.847,0.7622105788423155,Y
FPPS,2.636,0.0935528942115768,N
PVPG,3.176,0.1600948103792415,N
FPQP,3.128,0.0754441117764471,N
PVSF,3.085,0.8437425149700598,Y
FPSP,3.34,0.0981736526946107,N
PWGG,2.847,0.5338972055888223,Y
FQFG,3.419,0.815439121756487,Y
PYGA,3.813,0.7286427145708582,Y
FQGF,3.143,0.8247305389221556,Y
PYGG,3.634,0.5430788423153692,Y
FQIG,3.359,0.8085129740518961,Y
PYRD,2.607,0.1567015968063872,N
FQPP,2.981,0.1759880239520958,N
FQTF,2.805,0.4203393213572854,Y
FRDA,2.748,0.2766766467065868,N
FRDG,2.308,0.2370858283433133,N
FRDV,2.46,0.2357984031936127,N
FSAF,3.548,0.2496606786427146,Y
FSCF,3.494,0.2841966067864271,Y
FSFA,3.31,0.7367115768463073,Y
FSFC,3.588,0.6816566866267465,Y
FSFG,3.316,0.7574151696606786,Y
FSGF,3.662,0.7019261477045907,Y
FSPP,3.009,0.174625748502994,N
FSTF,2.723,0.4102045908183632,Y
FTFG,3.669,0.753378243512974,Y
FTGF,3.759,0.8611127744510978,Y
FTGI,3.782,0.8662075848303393,Y
FTGV,3.628,0.8464970059880239,Y
FTIG,3.04,0.7055239520958083,Y
FTQF,2.656,0.6300249500998005,Y
FTSF,3.233,0.7925499001996008,Y
FTTF,2.942,0.4098502994011975,Y
FWGN,3.286,0.4048602794411178,Y
FWNG,3.148,0.8084580838323354,Y
