wavenumer,ExptAbs,fitAbs,1_Anchor,2_PrimaryAmide(NH2),4_Core_Beta,5_PPII_Coil,6_Beta_Turn,7_PrimaryAmide(C=O),8_High_Beta
1720.0,0.0,1.471593230761099e-10,2.8507051676478897e-46,1.7078036657835684e-52,1.4487251873983217e-21,1.147320076912805e-10,3.242533417287738e-11,1.892444330283138e-19,1.9810212588805576e-15
1719.0,2.714285714285709e-05,2.515962877170366e-10,1.4941759578680648e-45,1.7534020758774827e-51,3.517021724377952e-21,1.8541856974866516e-10,6.616752143484986e-11,1.1175663580123407e-18,1.0195412438198626e-14
1718.0,0.0,4.310276842879098e-10,7.723794097588699e-45,1.7563941612947995e-50,8.462739501846612e-21,2.9781466778232676e-10,1.3316336940226572e-10,6.329075776830448e-18,4.964076577886376e-14
1717.0,0.0,7.399373324461546e-10,3.9376683418843236e-44,1.716561416042435e-49,2.0183374389111614e-20,4.754043636224631e-10,2.6430427445260824e-10,3.437352250608742e-17,2.2865997737721706e-13
1716.0,0.0,1.2726000068919472e-09,1.9798262713969976e-43,1.6367924065152998e-48,4.7711542926535625e-20,7.542311539413431e-10,5.173722139185174e-10,1.790294810264716e-16,9.964599548940213e-13
1715.0,0.0,2.1921572483422353e-09,9.817355874937053e-43,1.5227364725609466e-47,1.117892462885733e-19,1.1892413304698754e-09,9.988068616070923e-10,8.942147605602292e-16,4.108161938717249e-12
1714.0,0.0,3.781346597979533e-09,4.801108141800363e-42,1.3821424061452775e-46,2.59611230984313e-19,1.8636302207262938e-09,1.901688745556493e-09,4.283274273025777e-15,1.6023348162862544e-11
1713.0,0.0,6.5325485991874254e-09,2.3156234815244073e-41,1.2239895986779719e-45,5.975769076027044e-19,2.902509955395554e-09,3.570893172496421e-09,1.967554195448659e-14,5.912579515591878e-11
1712.0,0.0,1.1312165293160846e-08,1.1014731220710984e-40,1.0575467036699827e-44,1.363361476331466e-18,4.492746505053533e-09,6.612927816807998e-09,8.667508800581403e-14,2.0640429484794736e-10
1711.0,0.0,1.967144116358419e-08,5.167248713594132e-40,8.914936989721054e-44,3.083011265171413e-18,6.911532195368842e-09,1.2077866058277188e-08,3.661665326556753e-13,6.816767403224916e-10
1710.0,0.0,3.445394765117877e-08,2.3906958637875012e-39,7.3321930899806e-43,6.910127913022412e-18,1.056722559653024e-08,2.1755353198254476e-08,1.4834734311594644e-12,2.1298853760527682e-09
1709.0,0.0,6.100636893415487e-08,1.0908594471423973e-38,5.883644204514378e-42,1.5351257032885747e-17,1.6057275037653494e-08,3.864751464864446e-08,5.7636508753022696e-12,6.2958155816303614e-09
1708.0,0.0,1.0958798795976495e-07,4.908996999090487e-38,4.606338024694666e-41,3.380248912008325e-17,2.424973163539739e-08,6.77105754991533e-08,2.147495826483381e-11,1.7606205833146945e-08
1707.0,0.0,2.00049563377312e-07,2.178694006674329e-37,3.5185368193701334e-40,7.377348534106165e-17,3.639705547587879e-08,1.1699598071490486e-07,7.673327942064587e-11,4.657979383333419e-08
1706.0,0.0,3.705152668306727e-07,9.536284814544253e-37,2.6221968358545428e-39,1.5958747498706496e-16,5.429374362357856e-08,1.9937232891448114e-07,2.6293715472062566e-10,1.1658625697830496e-07
1705.0,0.0,6.924965122658548e-07,4.1166286353222354e-36,1.9066253867805388e-38,3.421717781063921e-16,8.049289518334175e-08,3.3507214383363303e-07,8.640461259880698e-10,2.760674267807202e-07
1704.0,0.0,1.2951504496679431e-06,1.7526034833770844e-35,1.35257808683591e-37,7.271708341347663e-16,1.1860132267613008e-07,5.553813211600279e-07,2.722943715082905e-09,6.184448613895314e-07
1703.0,0.0,2.4004822431386066e-06,7.358768709097877e-35,9.3617322571024e-37,1.5317066511200375e-15,1.7367837209502598e-07,9.07870107532642e-07,8.229191520572311e-09,1.3107045704586597e-06
1702.0,0.0,4.36827312475142e-06,3.047236333839752e-34,6.321890638938945e-36,3.1978760501788822e-15,2.5277037369261263e-07,1.4636447081839705e-06,2.385022300755501e-08,2.6280078166694064e-06
1701.0,0.0,7.74409027429836e-06,1.2444762867417556e-33,4.1651882513446493e-35,6.617508935353818e-15,3.656207410750086e-07,2.3271646943916612e-06,6.628946090173721e-08,4.985015371312445e-06
1700.0,0.0,1.3297405881698299e-05,5.012410323994878e-33,2.6774365273215905e-34,1.3572952460130067e-14,5.256052591121633e-07,3.6492034337292223e-06,1.766905402904313e-07,8.94590663499353e-06
1699.0,0.0,2.2034087393263727e-05,1.9910680736960462e-32,1.679193044699732e-33,2.7593132169257362e-14,7.509530800105728e-07,5.643500043120674e-06,4.51646739155358e-07,1.518798750338399e-05
1698.0,0.0,3.5175615021021023e-05,7.800188607124462e-32,1.0274932151652932e-32,5.559996984951578e-14,1.0663263153440327e-06,8.607528971476726e-06,1.1071366508121427e-06,2.439462302778815e-05
1697.0,0.0,5.412366737481554e-05,3.013724869337091e-31,6.134147182948325e-32,1.1104397319654345e-13,1.5048446709260516e-06,1.2947560713062273e-05,2.602677427555843e-06,3.70685844522274e-05
1696.0,0.0,8.047476275267901e-05,1.1483693759691615e-30,3.5729448695321164e-31,2.1981752354134176e-13,2.110655946175555e-06,1.9207768897844463e-05,5.867542335683324e-06,5.3288795353158146e-05
1695.0,7.857142857142872e-05,0.00011620449822190999,4.315579342655991e-30,2.0304641751162406e-30,4.312970728431383e-13,2.9421678121634923e-06,2.8102528050437492e-05,1.2685537887610657e-05,7.247426404040128e-05
1694.0,0.00020571428571428563,0.00016417786319017,1.5994700461467992e-29,1.1257999912771635e-29,8.387597704339329e-13,4.0760702241922284e-06,4.055023363156223e-05,2.6301366335710554e-05,9.325019215994521e-05
1693.0,0.0002328571428571423,0.00022912367605597392,5.84645511205156e-29,6.090094672994496e-29,1.6167599980854267e-12,5.612289931796827e-06,5.770598175803279e-05,5.2295522027619814e-05,0.00011350988072176447
1692.0,0.0002599999999999998,0.00031910402615094877,2.1076021381077876e-28,3.214280254222039e-28,3.088875472375644e-12,7.680027287222342e-06,8.098933072364803e-05,9.971660032421209e-05,0.00013071806472699087
1691.0,0.000487142857142857,0.00044730441905737814,7.493145124671231e-28,1.6551613258761243e-27,5.8492761672683696e-12,1.0445029018681998e-05,0.0001121022394742266,0.00018234220115336179,0.0001424149435618316
1690.0,0.000714285714285715,0.0006336982359009611,2.6273574364129975e-27,8.315604265054565e-27,1.0978695369944667e-11,1.4118246558262892e-05,0.00015303130075376334,0.0003197596731689292,0.00014678900444131028
1689.0,0.0010414285714285708,0.0009058757214676248,9.08560137772479e-27,4.076093990942285e-26,2.042425501995096e-11,1.8966015301298376e-05,0.0002060277660115099,0.0005377457148121035,0.00014313620491845805
1688.0,0.0013685714285714282,0.001298181556815019,3.098615577505354e-26,1.949357349640079e-25,3.766071803053976e-11,2.532186298477813e-05,0.0002735588313410591,0.0008672553624009385,0.00013204546242752527
1687.0,0.001795714285714286,0.0018483920958751881,1.042224369372686e-25,9.095689431952366e-25,6.883001259143207e-11,3.360001225563148e-05,0.0003582244533458008,0.0013413243171915543,0.00011524324425218894
1686.0,0.002322857142857142,0.0025915700354929377,3.4572775816455228e-25,4.1407277785170486e-24,1.2468493515005663e-10,4.4310580583716067e-05,0.0004626357823871972,0.0019894698917088177,9.515365612827171e-05
1685.0,0.0032499999999999994,0.0035514718760923333,1.1310629565117982e-24,1.8391393219236987e-23,2.2387056747663147e-10,5.807639741953734e-05,0.0005892542371944373,0.0028298128383215187,7.432817928627219e-05
1684.0,0.004877142857142856,0.0047308414533964735,3.649377672057965e-24,7.969837627900461e-23,3.9840694295701186e-10,7.565125200856534e-05,0.0007401942562748036,0.0038600668215498326,5.492872515632894e-05
1683.0,0.006504285714285714,0.006102844219945968,1.161262347301858e-23,3.369622196694297e-22,7.027545690022345e-10,9.793925466756167e-05,0.000916997623123946,0.0050495037806547296,3.840285874516177e-05
1682.0,0.007731428571428571,0.0076064115413782924,3.6443609249520954e-23,1.3899841262696864e-21,1.2286476073119089e-09,0.00012601484012885058,0.0011203925485419686,0.006334602229014215,2.540069504565141e-05
1681.0,0.008958571428571427,0.009148003960843495,1.1279553819259508e-22,5.5941661915881934e-21,2.1291089337191876e-09,0.0001611427661132054,0.001350055791294242,0.007620908818765551,1.5894455561562304e-05
1680.0,0.010385714285714285,0.010611081739591735,3.4430391633388833e-22,2.1966344039619223e-20,3.656918713715191e-09,0.00020479726815921586,0.0016044002579536426,0.008792471117741346,9.40943881881735e-06
1679.0,0.011812857142857142,0.011872555230274327,1.0365052523481452e-21,8.415445111541366e-20,6.225577060818603e-09,0.00025867933000974766,0.0018804129468550513,0.009728186859076355,5.269868756113312e-06
1678.0,0.01294,0.012823238817735963,3.077375941683056e-21,3.145526117627414e-19,1.050487287640783e-08,0.0003247308273719188,0.0021735680661073204,0.010322137172040434,2.7922473434136465e-06
1677.0,0.013467142857142856,0.01338765852141759,9.010919375487323e-21,1.1471135049240495e-18,1.7569073950194738e-08,0.00040514411425031317,0.0024778371475252872,0.010503260019505942,1.3996710620962367e-06
1676.0,0.013594285714285713,0.013538197817079956,2.6021789305612397e-20,4.081467882216071e-18,2.912418775234537e-08,0.0005023654605386515,0.002785811820918986,0.010249327643770784,6.63767663778285e-07
1675.0,0.013321428571428571,0.013299813103528357,7.411134771046468e-20,1.4168480189671664e-17,4.78526127322664e-08,0.000619090634546551,0.003088945862086489,0.00959143095461444,2.9779966813017895e-07
1674.0,0.012748571428571429,0.012744088503344285,2.0816694485491854e-19,4.7987380611412427e-17,7.792994498471576e-08,0.0007582508734691342,0.003377911906207802,0.008607721392772383,1.2640094993485986e-07
1673.0,0.011975714285714286,0.011974370040000938,5.766580092612983e-19,1.5857244238238487e-16,1.257911147706048e-07,0.0009229875176926969,0.0036430559763907223,0.007408149997974235,5.075682835512736e-08
1672.0,0.01100285714285714,0.011106074541414938,1.5754491526167927e-18,5.112405336593959e-16,2.0125303746398838e-07,0.0011166137195179658,0.0038749211715998723,0.0061143191150572415,1.928220188066101e-08
1671.0,0.01013,0.010247220221396196,4.244924361242827e-18,1.6081247536776332e-15,3.191404134567551e-07,0.0013425618890572848,0.004064802062072239,0.00483953019979495,6.9300566518616086e-09
1670.0,0.009357142857142857,0.009483562874164396,1.1280153871724615e-17,4.935271940820475e-15,5.016121467295752e-07,0.0016043159210705467,0.004205285009352014,0.0036734579752664416,2.356323717323037e-09
1669.0,0.008884285714285714,0.008870852073866748,2.956239354666563e-17,1.4777444339870763e-14,7.814499494553249e-07,0.0019053277615292059,0.004290727862300005,0.002674014242104814,7.579684603391603e-10
1668.0,0.008611428571428572,0.00843443800165934,7.640885066682606e-17,4.3170240679169375e-14,1.2066495963225069e-06,0.0022489185190178933,0.004317635823748905,0.0018666767785860481,2.3066692444343813e-10
1667.0,0.00843857142857143,0.008174568878163523,1.9477232238226203e-16,1.230457169087946e-13,1.8467497891653376e-06,0.0026381650915997703,0.0042848986000759036,0.0012496583701648244,6.641061863058403e-11
1666.0,0.008165714285714285,0.008074729922526308,4.896551433695774e-16,3.421727541307043e-13,2.801443228906875e-06,0.0030757741419768533,0.004193866407187132,0.0008022879117020375,1.8088715861432298e-11
1665.0,0.008092857142857141,0.00811036928595978,1.2140397354381601e-15,9.283703106997446e-13,4.212136876090977e-06,0.0035639461793505666,0.00404825758195523,0.0004939533821871261,4.661180901354654e-12
1664.0,0.008119999999999999,0.008256064949507454,2.9686225676696454e-15,2.457502421774698e-12,6.2772584005349884e-06,0.0041042334515815635,0.003853906609023003,0.0002916476269055571,1.1363240279497544e-12
1663.0,0.008347142857142857,0.008490183121177379,7.15906936740248e-15,6.346927816180455e-12,9.272234771199557e-06,0.004697396263166643,0.003618376358567498,0.00016513825805587618,2.6207550551664684e-13
1662.0,0.008874285714285715,0.008796980145822855,1.7026981295281907e-14,1.5993004413514277e-11,1.3575183656216255e-05,0.005343263153393328,0.0033504704402449624,8.96713524611323e-05,5.718323022953658e-14
1661.0,0.009301428571428572,0.009166685604303662,3.993909777826871e-14,3.931818379518264e-11,1.9699440423332457e-05,0.006040601031262684,0.0030596894341723808,4.669565907533741e-05,1.1803993112056002e-14
1660.0,0.00972857142857143,0.009594332896056166,9.239284569485417e-14,9.430912885736452e-11,2.8334069030615917e-05,0.006787001806104229,0.0027556775965503905,2.331932996710389e-05,2.3051926199914032e-15
1659.0,0.010055714285714284,0.010078058194399848,2.1079385182052984e-13,2.207043593418324e-10,4.039344435039495e-05,0.007578792216808103,0.0024477043897472204,1.1167922578549102e-05,4.258959438871763e-16
1658.0,0.010482857142857141,0.010617398326824653,4.743042744210936e-13,5.039239307263188e-10,5.7076812042423166e-05,0.008410973399592035,0.002144218459728609,5.129151063276307e-06,7.444195975139703e-17
1657.0,0.01081,0.011211896448134386,1.0525328030930502e-12,1.1225765036768315e-09,7.99383925281554e-05,0.00927719621013715,0.00185250162236722,2.2590994728107337e-06,1.2309774632846822e-17
1656.0,0.011237142857142857,0.01186014062637664,2.3035293166678416e-12,2.4398538152664015e-09,0.00011096806042460099,0.01016977741568588,0.0015784385024515608,9.542056572527042e-07,1.9257522610098297e-18
1655.0,0.011664285714285716,0.012559239429939247,4.972002637520004e-12,5.1737871508462435e-09,0.00015268186677245266,0.011079760603672998,0.0013264052665928245,3.8651414181724187e-07,2.850156721878255e-19
1654.0,0.012791428571428572,0.013304675398597433,1.0583966570598125e-11,1.0704101116213008e-08,0.0002082206552920697,0.011997024047646779,0.0010992698378111934,1.5014316230788208e-07,3.990755091792336e-20
1653.0,0.01491857142857143,0.014090454383996177,2.2220052010670497e-11,2.1606714900743873e-08,0.0002814537492304401,0.012910435885745282,0.0008984871878087935,5.5932276710002455e-08,5.2863927043262796e-21
1652.0,0.016845714285714283,0.014909468083405424,4.60067108514282e-11,4.255241112775804e-08,0.0003770831698774037,0.013808054882693335,0.0007242674505433551,1.998187349042525e-08,6.624937382838048e-22
1651.0,0.01737285714285714,0.015753995606526235,9.394567740954063e-11,8.176293987489982e-08,0.0005007421409845774,0.014677372864477326,0.0005757918983397812,6.845838999581733e-09,7.854565107666387e-23
1650.0,0.0172,0.016616280348357812,1.89195987584534e-10,1.532800795892362e-07,0.0006590798226695654,0.01550559275205568,0.0004514520551266843,2.2492303032478326e-09,8.810093560548599e-24
1649.0,0.016927142857142856,0.01748912782690165,3.757738408500387e-10,2.8035727445844866e-07,0.0008598224336813907,0.01627993410158059,0.00034908984989870346,7.086926677236009e-10,9.348822353468933e-25
1648.0,0.017254285714285715,0.018366477899069575,7.360726285261348e-10,5.00304990177305e-07,0.001111799334494868,0.016987956308907565,0.00026622100046387826,2.1414045525450014e-10,9.385367970473043e-26
1647.0,0.01828142857142857,0.01924391126138758,1.4219826439699796e-09,8.710733630929878e-07,0.0014249214659096602,0.017617888272615175,0.00020022896546494234,6.205206981483395e-11,8.913816966009458e-27
1646.0,0.019908571428571428,0.020119055929317484,2.7092396656395067e-09,1.4796926809944672e-06,0.0018100990061308555,0.018158952432367623,0.00014852207165463727,1.724370529585733e-11,8.009292050469522e-28
1645.0,0.02123571428571429,0.020991864932198144,5.09072993073707e-09,2.4523655757286344e-06,0.002279085470748358,0.01860167078340351,0.00010865121714523415,4.59538264831406e-12,6.808360733189324e-29
1644.0,0.02216285714285714,0.021864742103562224,9.433920080007574e-09,3.965480240579535e-06,0.0028442369669821233,0.01893814075707866,7.83894641663469e-05,1.174436491235982e-12,5.475313578618379e-30
1643.0,0.022789999999999998,0.02274249887080136,1.7241848721996178e-08,6.256093956933865e-06,0.003518178113912124,0.019162269759797065,5.5777660998675626e-05,2.878419991585206e-13,4.165752328769902e-31
1642.0,0.023517142857142855,0.02363213162265287,3.1078136543865455e-08,9.62958626942084e-06,0.004313370364429392,0.019269958648633446,3.914194511641394e-05,6.76543236138247e-14,2.9984437432911573e-32
1641.0,0.024344285714285714,0.024542416823340348,5.5246607309022344e-08,1.446135167019213e-05,0.0052415841117652165,0.019259226424766008,2.7089688516373e-05,1.524943381072591e-14,2.041814927757577e-33
1640.0,0.025171428571428574,0.02548332977928319,9.685805828310256e-08,2.118883308818104e-05,0.00631328289328336,0.019130270845279636,1.849034957043429e-05,3.296314574857785e-15,1.3153909651917222e-34
1639.0,0.02599857142857143,0.026465302978165278,1.6747323380901332e-07,3.0290196156174487e-05,0.007536935916495298,0.018885462362322688,1.2447029956624864e-05,6.833140504108574e-16,8.016990054750044e-36
1638.0,0.026625714285714287,0.027498351148867298,2.855844502103202e-07,4.224682007185173e-05,0.008918283560597417,0.018529271649138725,8.263534608960288e-06,1.3584035867988924e-16,4.6225950027502165e-37
1637.0,0.02765285714285714,0.02859110227817305,4.802896300843848e-07,5.748874894324949e-05,0.010459588830323566,0.018068133808774377,5.410600501750715e-06,2.5897274317597772e-17,2.5216125450023915e-38
1636.0,0.02958,0.02974978602627628,7.966202933195477e-07,7.632531121229229e-05,0.012158915214219758,0.01751025502786786,3.4938526830451033e-06,4.734739212175096e-18,1.3013343025373396e-39
1635.0,0.03220714285714286,0.030977242141264193,1.303103837622175e-06,9.886696517248031e-05,0.014009477213866264,0.016865369790774437,2.2250676133898937e-06,8.3014668499982655e-19,6.353564005906054e-41
1634.0,0.034134285714285714,0.03227202003321463,2.1022588265840306e-06,0.00012494840483893093,0.015999113153762033,0.016144458685146894,1.3975306401899206e-06,1.3958231002628014e-19,2.9347016170208736e-42
1633.0,0.03506142857142858,0.033627644860953224,3.3448207441746074e-06,0.00015406611177997271,0.018109930030853785,0.015359438214420281,8.656831550101383e-07,2.2507263403989423e-20,1.282414747516658e-43
1632.0,0.03558857142857143,0.03503212360619102,5.2485460739760915e-06,0.00018534480674950308,0.02031816657375028,0.014522834825246595,5.288543706670392e-07,3.480420951119671e-21,5.3016501574127977e-45
1631.0,0.036115714285714286,0.036467755406710003,8.12240578602539e-06,0.00021754575579504697,0.02259431307473314,0.013647455535943855,3.186344519370727e-07,5.161282418746365e-22,2.07353628413748e-46
1630.0,0.03704285714285714,0.037911293482802005,1.2396807393060691e-05,0.0002491252234385565,0.024903514987629705,0.012746067130228397,1.8933411228710775e-07,7.340070679256899e-23,7.672382086811519e-48
1629.0,0.03837,0.03933448205407647,1.8660124088285255e-05,0.00027834388266087567,0.02720627218412993,0.011831094908803179,1.1095439420296642e-07,1.0010588942564008e-23,2.6857576187356984e-49
1628.0,0.04009714285714285,0.040704962679528514,2.7701207712131367e-05,0.00030341884730895663,0.029459427947718726,0.010914350549976993,6.412681170877509e-08,1.3092897985846355e-24,8.894497561822549e-51
1627.0,0.04182428571428572,0.04198751348666105,4.055667874556079e-05,0.000322701007019546,0.031617422425541365,0.010006796823089721,3.655226485714949e-08,1.6422100596612252e-25,2.78672449342755e-52
1626.0,0.043051428571428574,0.04314555539861963,5.856060625758615e-05,0.00033485360632301163,0.03363376579386239,0.009118354844229563,2.0547947078251093e-08,1.9753242752160007e-26,8.260087720733787e-54
1625.0,0.04387857142857143,0.044142835274828165,8.339274091255921e-05,0.00033900533581777156,0.03546266841765897,0.008257757388383483,1.1392055383771672e-08,2.2785830496080047e-27,2.3162919323481007e-55
1624.0,0.04480571428571429,0.044945179670447574,0.00011711983042743851,0.00033485360632302285,0.0370607504050232,0.007432449599718257,6.2289556598600895e-09,2.520624147242586e-28,6.144972446891486e-57
1623.0,0.04603285714285714,0.04552220626741784,0.0001622228862952762,0.0003227010070195677,0.03838874262874291,0.006648536386376403,3.3589836796264152e-09,2.674041180631376e-29,1.5422848611972166e-58
1622.0,0.04696,0.04584888305707588,0.00022160181648163069,0.00030341884730898726,0.0394130866609537,0.005910773945926037,1.786405514243127e-09,2.7204757473950144e-30,3.662075229589019e-60
1621.0,0.046887142857142856,0.04590683688323894,0.00029854789295074685,0.00027834388266091307,0.040107342851453925,0.0052226013191903585,9.369829972446876e-10,2.6542290288888186e-31,8.226364300761475e-62
1620.0,0.046014285714285716,0.04568533095404637,0.0003966744309854551,0.00024912522343859835,0.04045332414871772,0.004586206666215927,4.846886748666474e-10,2.4834115659379733e-32,1.7482624306527995e-63
1619.0,0.04474142857142857,0.04518185310193881,0.000519797165617038,0.00021754575579509088,0.040441887807187465,0.004002622126068013,2.4727120023362335e-10,2.2283108392062382e-33,3.514983753135734e-65
1618.0,0.043468571428571426,0.044402280875392504,0.0006717584052997511,0.0001853448067495467,0.04007333687385314,0.0034718406650776574,1.2441241034667232e-10,1.917430427671354e-34,6.685871562409806e-67
1617.0,0.04239571428571429,0.043360614512824865,0.0008561932782125011,0.00015406611178001416,0.03935740684379209,0.0029929482173049918,6.173527313787086e-11,1.5822686583383358e-35,1.2031249889073647e-68
1616.0,0.04162285714285714,0.04207829359003081,0.0010762422107946066,0.00012494840483896874,0.03831283830491116,0.002564264639273857,3.0212213591450516e-11,1.2521535959011319e-36,2.0482429811094943e-70
1615.0,0.04065,0.04058313710038889,0.00133422087490095,9.886696517251354e-05,0.036966561758067715,0.0021834874876659133,1.458180282366014e-11,9.502803590545605e-38,3.298908073324267e-72
1614.0,0.03907714285714285,0.038907969348364865,0.001631266598522713,7.63253112123205e-05,0.03535254410772172,0.0018478333239671557,6.940957720050242e-12,6.916122385990138e-39,5.026630505566417e-74
1613.0,0.03720428571428572,0.03708901438386472,0.001966987766418787,5.7488748943272684e-05,0.03351036577486416,0.001554172090380088,3.2584201228468988e-12,4.827145118709025e-40,7.246056594003306e-76
1612.0,0.03513142857142857,0.035164158349367834,0.00233914894612152,4.2246820071870195e-05,0.03148361155814993,0.0012991510235159196,1.5086005506249806e-12,3.230984014258118e-41,9.88199184524133e-78
1611.0,0.033158571428571426,0.03317119022794334,0.002743428189442714,3.0290196156188748e-05,0.029318166323953367,0.001079305517702222,6.888441067282728e-13,2.073939255559416e-42,1.2749855742153408e-79
1610.0,0.03118571428571429,0.031146135177502608,0.0031732831063426507,2.118883308819173e-05,0.027060507970957746,0.0008911552668038157,3.1020381538759266e-13,1.2766563901950595e-43,1.556266830258048e-81
1609.0,0.02931285714285714,0.0291217894222614,0.0036199581115536365,1.446135167019991e-05,0.02475608509857232,0.0007312848603274731,1.3776941861023846e-13,7.536484034303972e-45,1.797135659187642e-83
1608.0,0.02734,0.027126550910447984,0.004072656417476864,9.629586269426344e-06,0.022447856151744945,0.0005964087548964056,6.034454524099219e-14,4.266584115694872e-46,1.9633407130937948e-85
1607.0,0.025467142857142855,0.025183616183308447,0.00451888723223651,6.256093956937652e-06,0.02017505169172576,0.0004834211653631715,2.6067700011131288e-14,2.3163736158221595e-47,2.0292170077348456e-87
1606.0,0.023594285714285713,0.023310582963468014,0.004944982248975455,3.965480240582067e-06,0.017972203323672636,0.00038943191056823505,1.1105724935111239e-14,1.206017682950347e-48,1.9841720387179936e-89
1605.0,0.02172142857142857,0.021519462823542734,0.005336757544662993,2.4523655757302853e-06,0.015868463307425335,0.00031178960587401224,4.6662780500550405e-15,6.021650015942265e-50,1.835473704460924e-91
1604.0,0.019948571428571427,0.01981707266282636,0.005680279568775949,1.4796926809955118e-06,0.013887219576825855,0.0002480938245416307,1.9336319659513346e-15,2.8833284265421824e-51,1.6063309205698802e-93
1603.0,0.018275714285714284,0.018205741565005075,0.005962679305578519,8.710733630936322e-07,0.012045993221025944,0.00019619796503672553,7.902354769197485e-16,1.3240045747862897e-52,1.3299639887693984e-95
1602.0,0.016702857142857144,0.016684244563036448,0.006172949094966457,5.003049901776919e-07,0.010356590585353133,0.00015420457772636213,3.1850681676796114e-16,5.830443973091718e-54,1.0417481903056097e-97
1601.0,0.015130000000000001,0.015248859667127912,0.0063026536460883565,2.803572744586747e-07,0.00882547082306817,0.00012045484069680161,1.2660779431953344e-16,2.4622408700931258e-55,7.719757141165183e-100
1600.0,0.013757142857142857,0.013894440730697084,0.006346491320092349,1.5328007958936513e-07,0.0074542823807065535,9.351374981854186e-05,4.963427203310745e-17,9.971860946221432e-57,5.4120591125363484e-102
1599.0,0.012484285714285713,0.012615406390954256,0.0063026536460883955,8.176293987497128e-08,0.0062405185605712505,7.215242135471614e-05,1.919032690680509e-17,3.8729211977724994e-58,3.589545274319653e-104
1598.0,0.01131142857142857,0.011406563036160436,0.006172949094966534,4.2552411127796657e-08,0.005178242675374013,5.53287134087545e-05,7.317497655260028e-18,1.4425068224247542e-59,2.252342074299003e-106
1597.0,0.010138571428571427,0.010263704916094499,0.005962679305578632,2.1606714900764212e-08,0.0042588368336766505,4.216717012431148e-05,2.7518345148186616e-18,5.152450876173028e-61,1.3370488482211963e-108
1596.0,0.009065714285714286,0.009183963704470718,0.005680279568776092,1.0704101116223446e-08,0.0034717343396822044,3.193909191130293e-05,1.0206140381742092e-18,1.7649264535369169e-62,7.508932652260938e-111
1595.0,0.008092857142857143,0.008165909308007343,0.005336757544663161,5.173787150851464e-09,0.002805103244148055,2.4043345408974548e-05,3.7331914654447048e-19,5.7977052695595815e-64,3.989579782734547e-113
1594.0,0.007120000000000001,0.0072094299783372505,0.004944982248975643,2.4398538152689455e-09,0.002246456934482409,1.7988355025383405e-05,1.3467236707786607e-19,1.8264274425868023e-65,2.005368136135e-115
1593.0,0.006347142857142857,0.006315439987200531,0.004518887232236709,1.122576503678038e-09,0.0017831760645429053,1.3375567844412127e-05,4.7913315644821963e-20,5.517794000092711e-67,9.53628179702093e-118
1592.0,0.0054742857142857145,0.005485475465343796,0.0040726564174770686,5.039239307268784e-10,0.0014029339864885786,9.884557454218508e-06,1.681177077773719e-20,1.5986202499915466e-68,4.290244589372377e-120
1591.0,0.004701428571428572,0.004721242864631995,0.0036199581115538425,2.207043593420849e-10,0.0010940247023092716,7.25983006452107e-06,5.817684925113533e-21,4.441625174418853e-70,1.8260095262458477e-122
1590.0,0.004128571428571429,0.004024180429354912,0.0031732831063428506,9.43091288574756e-11,0.0008455979116550122,5.299317047921275e-06,1.9854842054908044e-21,1.1834645968980611e-71,7.352618554996364e-125
1589.0,0.003455714285714286,0.0033950825730330496,0.0027434281894429045,3.9318183795230203e-11,0.0006478098645462454,3.844479725715965e-06,6.682857163805447e-22,3.024025186279191e-73,2.800909284623481e-127
1588.0,0.0028828571428571436,0.0028338223142141926,0.0023391489461216967,1.5993004413534165e-11,0.0004919014398992285,2.7719122002630853e-06,2.2183875723972347e-22,7.41024054591392e-75,1.0094250100691127e-129
1587.0,0.0023099999999999996,0.0023391903559475294,0.001966987766418948,6.346927816188572e-12,0.00037021627977079776,1.9863034108558224e-06,7.262600764070614e-23,1.741389721127829e-76,3.441653061806424e-132
1586.0,0.0019371428571428578,0.0019088533149043858,0.0016312665985228568,2.45750242177792e-12,0.00027617210650927496,1.4146074147515016e-06,2.3449113080694663e-23,3.9244284545378107e-78,1.1101409610475767e-134
1585.0,0.0014642857142857148,0.001539419913933472,0.0013342208749010757,9.283703107009912e-13,0.0002041977697381238,1.0012683659022965e-06,7.466897222054187e-24,8.481518699943955e-80,3.387717408584127e-137
1584.0,0.0010914285714285713,0.0012265939217661823,0.001076242210794715,3.4217275413117597e-13,0.0001496473593888523,7.043512404422438e-07,2.3449491454350687e-24,1.757873424795344e-81,9.780346354684387e-140
1583.0,0.0007185714285714295,0.0009653868332084164,0.0008561932782125927,1.2304571690896858e-13,0.00010870111603725102,4.924388355269685e-07,7.262835143849882e-25,3.4939633564104916e-83,2.6712793336155024e-142
1582.0,0.0004457142857142854,0.0007503616521861003,0.0006717584052998272,4.31702406792318e-14,7.826107873311846e-05,3.4216810998441536e-07,2.218494961485804e-25,6.659871656845711e-85,6.902435927213864e-145
1581.0,0.000172857142857143,0.0005758810617698929,0.0005197971656171003,1.4777444339892656e-14,5.584760306545917e-05,2.3629307255596517e-07,6.683288511173196e-26,1.2173911564445706e-86,1.6873433878313862e-147
1580.0,0.0,0.00043633779239800764,0.00039667443098550506,4.935271940827945e-15,3.95011853750808e-05,1.6217603248649255e-07,1.9856443990043148e-26,2.1340824477941298e-88,3.9023172558604665e-150
