wavenumber,Absorbance
4000.00,0.0074
3999.00,0.0074
3998.00,0.0074
3997.00,0.0074
3996.00,0.0074
3995.00,0.0074
3994.00,0.0074
3993.00,0.0074
3992.00,0.0074
3991.00,0.0074
3990.00,0.0074
3989.00,0.0074
3988.00,0.0074
3987.00,0.0074
3986.00,0.0074
3985.00,0.0074
3984.00,0.0074
3983.00,0.0074
3982.00,0.0074
3981.00,0.0074
3980.00,0.0074
3979.00,0.0073
3978.00,0.0073
3977.00,0.0073
3976.00,0.0073
3975.00,0.0073
3974.00,0.0074
3973.00,0.0073
3972.00,0.0073
3971.00,0.0073
3970.00,0.0073
3969.00,0.0073
3968.00,0.0073
3967.00,0.0073
3966.00,0.0073
3965.00,0.0073
3964.00,0.0073
3963.00,0.0073
3962.00,0.0073
3961.00,0.0073
3960.00,0.0073
3959.00,0.0073
3958.00,0.0073
3957.00,0.0073
3956.00,0.0073
3955.00,0.0073
3954.00,0.0073
3953.00,0.0073
3952.00,0.0073
3951.00,0.0073
3950.00,0.0072
3949.00,0.0072
3948.00,0.0071
3947.00,0.0071
3946.00,0.0071
3945.00,0.0072
3944.00,0.0072
3943.00,0.0072
3942.00,0.0073
3941.00,0.0072
3940.00,0.0072
3939.00,0.0072
3938.00,0.0072
3937.00,0.0072
3936.00,0.0072
3935.00,0.0072
3934.00,0.0071
3933.00,0.0071
3932.00,0.0071
3931.00,0.0071
3930.00,0.0071
3929.00,0.0071
3928.00,0.0071
3927.00,0.0072
3926.00,0.0072
3925.00,0.0072
3924.00,0.0072
3923.00,0.0072
3922.00,0.0071
3921.00,0.0071
3920.00,0.0071
3919.00,0.0070
3918.00,0.0070
3917.00,0.0070
3916.00,0.0071
3915.00,0.0071
3914.00,0.0071
3913.00,0.0072
3912.00,0.0072
3911.00,0.0072
3910.00,0.0072
3909.00,0.0072
3908.00,0.0072
3907.00,0.0072
3906.00,0.0071
3905.00,0.0071
3904.00,0.0070
3903.00,0.0068
3902.00,0.0067
3901.00,0.0067
3900.00,0.0068
3899.00,0.0068
3898.00,0.0069
3897.00,0.0069
3896.00,0.0069
3895.00,0.0069
3894.00,0.0069
3893.00,0.0069
3892.00,0.0069
3891.00,0.0069
3890.00,0.0069
3889.00,0.0069
3888.00,0.0069
3887.00,0.0069
3886.00,0.0069
3885.00,0.0069
3884.00,0.0069
3883.00,0.0069
3882.00,0.0070
3881.00,0.0070
3880.00,0.0070
3879.00,0.0070
3878.00,0.0070
3877.00,0.0069
3876.00,0.0069
3875.00,0.0070
3874.00,0.0070
3873.00,0.0070
3872.00,0.0069
3871.00,0.0068
3870.00,0.0067
3869.00,0.0067
3868.00,0.0067
3867.00,0.0067
3866.00,0.0066
3865.00,0.0066
3864.00,0.0066
3863.00,0.0067
3862.00,0.0067
3861.00,0.0067
3860.00,0.0067
3859.00,0.0067
3858.00,0.0068
3857.00,0.0069
3856.00,0.0069
3855.00,0.0069
3854.00,0.0069
3853.00,0.0068
3852.00,0.0068
3851.00,0.0068
3850.00,0.0068
3849.00,0.0068
3848.00,0.0067
3847.00,0.0067
3846.00,0.0067
3845.00,0.0068
3844.00,0.0068
3843.00,0.0068
3842.00,0.0068
3841.00,0.0067
3840.00,0.0067
3839.00,0.0066
3838.00,0.0066
3837.00,0.0066
3836.00,0.0066
3835.00,0.0066
3834.00,0.0066
3833.00,0.0066
3832.00,0.0066
3831.00,0.0067
3830.00,0.0067
3829.00,0.0067
3828.00,0.0067
3827.00,0.0068
3826.00,0.0067
3825.00,0.0067
3824.00,0.0066
3823.00,0.0066
3822.00,0.0065
3821.00,0.0065
3820.00,0.0066
3819.00,0.0066
3818.00,0.0066
3817.00,0.0067
3816.00,0.0067
3815.00,0.0068
3814.00,0.0069
3813.00,0.0069
3812.00,0.0068
3811.00,0.0068
3810.00,0.0068
3809.00,0.0068
3808.00,0.0068
3807.00,0.0067
3806.00,0.0067
3805.00,0.0067
3804.00,0.0066
3803.00,0.0066
3802.00,0.0066
3801.00,0.0067
3800.00,0.0067
3799.00,0.0067
3798.00,0.0066
3797.00,0.0066
3796.00,0.0066
3795.00,0.0067
3794.00,0.0067
3793.00,0.0068
3792.00,0.0068
3791.00,0.0068
3790.00,0.0068
3789.00,0.0069
3788.00,0.0069
3787.00,0.0069
3786.00,0.0069
3785.00,0.0069
3784.00,0.0068
3783.00,0.0068
3782.00,0.0068
3781.00,0.0068
3780.00,0.0068
3779.00,0.0068
3778.00,0.0068
3777.00,0.0068
3776.00,0.0068
3775.00,0.0068
3774.00,0.0068
3773.00,0.0068
3772.00,0.0067
3771.00,0.0067
3770.00,0.0066
3769.00,0.0066
3768.00,0.0066
3767.00,0.0065
3766.00,0.0065
3765.00,0.0065
3764.00,0.0066
3763.00,0.0066
3762.00,0.0066
3761.00,0.0065
3760.00,0.0065
3759.00,0.0066
3758.00,0.0065
3757.00,0.0065
3756.00,0.0065
3755.00,0.0064
3754.00,0.0064
3753.00,0.0063
3752.00,0.0062
3751.00,0.0060
3750.00,0.0059
3749.00,0.0058
3748.00,0.0059
3747.00,0.0060
3746.00,0.0061
3745.00,0.0062
3744.00,0.0064
3743.00,0.0064
3742.00,0.0064
3741.00,0.0063
3740.00,0.0061
3739.00,0.0060
3738.00,0.0060
3737.00,0.0060
3736.00,0.0060
3735.00,0.0060
3734.00,0.0060
3733.00,0.0059
3732.00,0.0059
3731.00,0.0060
3730.00,0.0062
3729.00,0.0063
3728.00,0.0063
3727.00,0.0063
3726.00,0.0064
3725.00,0.0064
3724.00,0.0064
3723.00,0.0064
3722.00,0.0064
3721.00,0.0064
3720.00,0.0064
3719.00,0.0064
3718.00,0.0064
3717.00,0.0064
3716.00,0.0064
3715.00,0.0064
3714.00,0.0064
3713.00,0.0064
3712.00,0.0064
3711.00,0.0064
3710.00,0.0064
3709.00,0.0064
3708.00,0.0064
3707.00,0.0064
3706.00,0.0064
3705.00,0.0064
3704.00,0.0064
3703.00,0.0063
3702.00,0.0063
3701.00,0.0063
3700.00,0.0064
3699.00,0.0064
3698.00,0.0064
3697.00,0.0064
3696.00,0.0065
3695.00,0.0065
3694.00,0.0065
3693.00,0.0065
3692.00,0.0065
3691.00,0.0064
3690.00,0.0063
3689.00,0.0062
3688.00,0.0061
3687.00,0.0062
3686.00,0.0063
3685.00,0.0063
3684.00,0.0063
3683.00,0.0064
3682.00,0.0064
3681.00,0.0064
3680.00,0.0064
3679.00,0.0064
3678.00,0.0064
3677.00,0.0063
3676.00,0.0063
3675.00,0.0063
3674.00,0.0063
3673.00,0.0062
3672.00,0.0062
3671.00,0.0061
3670.00,0.0062
3669.00,0.0062
3668.00,0.0063
3667.00,0.0063
3666.00,0.0064
3665.00,0.0064
3664.00,0.0065
3663.00,0.0065
3662.00,0.0065
3661.00,0.0065
3660.00,0.0065
3659.00,0.0065
3658.00,0.0065
3657.00,0.0064
3656.00,0.0064
3655.00,0.0064
3654.00,0.0064
3653.00,0.0064
3652.00,0.0063
3651.00,0.0063
3650.00,0.0062
3649.00,0.0062
3648.00,0.0061
3647.00,0.0062
3646.00,0.0063
3645.00,0.0064
3644.00,0.0064
3643.00,0.0064
3642.00,0.0065
3641.00,0.0065
3640.00,0.0066
3639.00,0.0066
3638.00,0.0066
3637.00,0.0066
3636.00,0.0066
3635.00,0.0066
3634.00,0.0066
3633.00,0.0066
3632.00,0.0065
3631.00,0.0064
3630.00,0.0063
3629.00,0.0063
3628.00,0.0063
3627.00,0.0064
3626.00,0.0064
3625.00,0.0064
3624.00,0.0064
3623.00,0.0064
3622.00,0.0064
3621.00,0.0064
3620.00,0.0063
3619.00,0.0064
3618.00,0.0064
3617.00,0.0064
3616.00,0.0064
3615.00,0.0063
3614.00,0.0063
3613.00,0.0063
3612.00,0.0063
3611.00,0.0063
3610.00,0.0063
3609.00,0.0064
3608.00,0.0066
3607.00,0.0067
3606.00,0.0068
3605.00,0.0068
3604.00,0.0068
3603.00,0.0067
3602.00,0.0068
3601.00,0.0068
3600.00,0.0068
3599.00,0.0067
3598.00,0.0067
3597.00,0.0067
3596.00,0.0068
3595.00,0.0068
3594.00,0.0068
3593.00,0.0068
3592.00,0.0068
3591.00,0.0067
3590.00,0.0067
3589.00,0.0067
3588.00,0.0067
3587.00,0.0067
3586.00,0.0068
3585.00,0.0068
3584.00,0.0069
3583.00,0.0069
3582.00,0.0070
3581.00,0.0070
3580.00,0.0071
3579.00,0.0071
3578.00,0.0071
3577.00,0.0071
3576.00,0.0071
3575.00,0.0071
3574.00,0.0071
3573.00,0.0071
3572.00,0.0071
3571.00,0.0071
3570.00,0.0071
3569.00,0.0071
3568.00,0.0071
3567.00,0.0070
3566.00,0.0070
3565.00,0.0070
3564.00,0.0070
3563.00,0.0070
3562.00,0.0071
3561.00,0.0071
3560.00,0.0072
3559.00,0.0072
3558.00,0.0073
3557.00,0.0073
3556.00,0.0073
3555.00,0.0073
3554.00,0.0073
3553.00,0.0073
3552.00,0.0073
3551.00,0.0073
3550.00,0.0073
3549.00,0.0072
3548.00,0.0071
3547.00,0.0071
3546.00,0.0071
3545.00,0.0071
3544.00,0.0072
3543.00,0.0072
3542.00,0.0073
3541.00,0.0073
3540.00,0.0073
3539.00,0.0074
3538.00,0.0074
3537.00,0.0074
3536.00,0.0074
3535.00,0.0074
3534.00,0.0074
3533.00,0.0074
3532.00,0.0074
3531.00,0.0074
3530.00,0.0074
3529.00,0.0074
3528.00,0.0074
3527.00,0.0073
3526.00,0.0073
3525.00,0.0072
3524.00,0.0072
3523.00,0.0073
3522.00,0.0073
3521.00,0.0074
3520.00,0.0074
3519.00,0.0075
3518.00,0.0075
3517.00,0.0075
3516.00,0.0075
3515.00,0.0075
3514.00,0.0075
3513.00,0.0075
3512.00,0.0075
3511.00,0.0075
3510.00,0.0075
3509.00,0.0075
3508.00,0.0075
3507.00,0.0074
3506.00,0.0074
3505.00,0.0074
3504.00,0.0074
3503.00,0.0074
3502.00,0.0074
3501.00,0.0074
3500.00,0.0074
3499.00,0.0075
3498.00,0.0075
3497.00,0.0075
3496.00,0.0076
3495.00,0.0076
3494.00,0.0076
3493.00,0.0076
3492.00,0.0076
3491.00,0.0076
3490.00,0.0076
3489.00,0.0076
3488.00,0.0076
3487.00,0.0076
3486.00,0.0076
3485.00,0.0076
3484.00,0.0076
3483.00,0.0076
3482.00,0.0077
3481.00,0.0077
3480.00,0.0077
3479.00,0.0078
3478.00,0.0078
3477.00,0.0078
3476.00,0.0079
3475.00,0.0079
3474.00,0.0079
3473.00,0.0079
3472.00,0.0079
3471.00,0.0079
3470.00,0.0079
3469.00,0.0079
3468.00,0.0079
3467.00,0.0079
3466.00,0.0080
3465.00,0.0080
3464.00,0.0080
3463.00,0.0081
3462.00,0.0081
3461.00,0.0081
3460.00,0.0081
3459.00,0.0082
3458.00,0.0082
3457.00,0.0082
3456.00,0.0082
3455.00,0.0082
3454.00,0.0083
3453.00,0.0083
3452.00,0.0083
3451.00,0.0084
3450.00,0.0084
3449.00,0.0084
3448.00,0.0084
3447.00,0.0084
3446.00,0.0084
3445.00,0.0084
3444.00,0.0084
3443.00,0.0085
3442.00,0.0085
3441.00,0.0086
3440.00,0.0086
3439.00,0.0087
3438.00,0.0087
3437.00,0.0088
3436.00,0.0088
3435.00,0.0088
3434.00,0.0088
3433.00,0.0089
3432.00,0.0089
3431.00,0.0089
3430.00,0.0089
3429.00,0.0090
3428.00,0.0090
3427.00,0.0090
3426.00,0.0090
3425.00,0.0090
3424.00,0.0091
3423.00,0.0091
3422.00,0.0091
3421.00,0.0091
3420.00,0.0091
3419.00,0.0092
3418.00,0.0092
3417.00,0.0092
3416.00,0.0093
3415.00,0.0093
3414.00,0.0094
3413.00,0.0094
3412.00,0.0094
3411.00,0.0095
3410.00,0.0095
3409.00,0.0095
3408.00,0.0095
3407.00,0.0096
3406.00,0.0096
3405.00,0.0096
3404.00,0.0097
3403.00,0.0097
3402.00,0.0097
3401.00,0.0097
3400.00,0.0097
3399.00,0.0097
3398.00,0.0097
3397.00,0.0097
3396.00,0.0097
3395.00,0.0097
3394.00,0.0097
3393.00,0.0097
3392.00,0.0097
3391.00,0.0097
3390.00,0.0097
3389.00,0.0097
3388.00,0.0096
3387.00,0.0096
3386.00,0.0096
3385.00,0.0096
3384.00,0.0096
3383.00,0.0096
3382.00,0.0095
3381.00,0.0095
3380.00,0.0095
3379.00,0.0095
3378.00,0.0095
3377.00,0.0095
3376.00,0.0094
3375.00,0.0094
3374.00,0.0094
3373.00,0.0094
3372.00,0.0094
3371.00,0.0094
3370.00,0.0094
3369.00,0.0094
3368.00,0.0094
3367.00,0.0094
3366.00,0.0093
3365.00,0.0093
3364.00,0.0094
3363.00,0.0094
3362.00,0.0094
3361.00,0.0094
3360.00,0.0094
3359.00,0.0094
3358.00,0.0094
3357.00,0.0095
3356.00,0.0095
3355.00,0.0095
3354.00,0.0096
3353.00,0.0096
3352.00,0.0096
3351.00,0.0096
3350.00,0.0096
3349.00,0.0096
3348.00,0.0097
3347.00,0.0097
3346.00,0.0097
3345.00,0.0098
3344.00,0.0098
3343.00,0.0098
3342.00,0.0099
3341.00,0.0099
3340.00,0.0099
3339.00,0.0100
3338.00,0.0100
3337.00,0.0101
3336.00,0.0102
3335.00,0.0103
3334.00,0.0103
3333.00,0.0104
3332.00,0.0105
3331.00,0.0106
3330.00,0.0107
3329.00,0.0108
3328.00,0.0109
3327.00,0.0110
3326.00,0.0111
3325.00,0.0112
3324.00,0.0113
3323.00,0.0114
3322.00,0.0116
3321.00,0.0117
3320.00,0.0119
3319.00,0.0120
3318.00,0.0121
3317.00,0.0123
3316.00,0.0124
3315.00,0.0126
3314.00,0.0128
3313.00,0.0129
3312.00,0.0131
3311.00,0.0133
3310.00,0.0135
3309.00,0.0137
3308.00,0.0139
3307.00,0.0141
3306.00,0.0143
3305.00,0.0145
3304.00,0.0147
3303.00,0.0149
3302.00,0.0151
3301.00,0.0154
3300.00,0.0156
3299.00,0.0158
3298.00,0.0160
3297.00,0.0162
3296.00,0.0164
3295.00,0.0166
3294.00,0.0168
3293.00,0.0170
3292.00,0.0172
3291.00,0.0174
3290.00,0.0176
3289.00,0.0178
3288.00,0.0180
3287.00,0.0182
3286.00,0.0184
3285.00,0.0185
3284.00,0.0187
3283.00,0.0189
3282.00,0.0190
3281.00,0.0192
3280.00,0.0193
3279.00,0.0194
3278.00,0.0195
3277.00,0.0195
3276.00,0.0196
3275.00,0.0196
3274.00,0.0197
3273.00,0.0197
3272.00,0.0197
3271.00,0.0197
3270.00,0.0197
3269.00,0.0196
3268.00,0.0195
3267.00,0.0195
3266.00,0.0193
3265.00,0.0192
3264.00,0.0191
3263.00,0.0189
3262.00,0.0187
3261.00,0.0185
3260.00,0.0183
3259.00,0.0180
3258.00,0.0178
3257.00,0.0175
3256.00,0.0173
3255.00,0.0171
3254.00,0.0169
3253.00,0.0167
3252.00,0.0165
3251.00,0.0163
3250.00,0.0161
3249.00,0.0159
3248.00,0.0157
3247.00,0.0155
3246.00,0.0153
3245.00,0.0151
3244.00,0.0150
3243.00,0.0149
3242.00,0.0147
3241.00,0.0146
3240.00,0.0145
3239.00,0.0144
3238.00,0.0142
3237.00,0.0141
3236.00,0.0140
3235.00,0.0138
3234.00,0.0137
3233.00,0.0136
3232.00,0.0136
3231.00,0.0135
3230.00,0.0134
3229.00,0.0134
3228.00,0.0133
3227.00,0.0132
3226.00,0.0132
3225.00,0.0131
3224.00,0.0130
3223.00,0.0130
3222.00,0.0129
3221.00,0.0128
3220.00,0.0128
3219.00,0.0127
3218.00,0.0127
3217.00,0.0126
3216.00,0.0126
3215.00,0.0126
3214.00,0.0125
3213.00,0.0125
3212.00,0.0125
3211.00,0.0124
3210.00,0.0124
3209.00,0.0124
3208.00,0.0124
3207.00,0.0124
3206.00,0.0123
3205.00,0.0123
3204.00,0.0123
3203.00,0.0123
3202.00,0.0122
3201.00,0.0122
3200.00,0.0121
3199.00,0.0121
3198.00,0.0120
3197.00,0.0120
3196.00,0.0119
3195.00,0.0118
3194.00,0.0117
3193.00,0.0116
3192.00,0.0116
3191.00,0.0115
3190.00,0.0114
3189.00,0.0113
3188.00,0.0112
3187.00,0.0111
3186.00,0.0110
3185.00,0.0109
3184.00,0.0109
3183.00,0.0108
3182.00,0.0107
3181.00,0.0106
3180.00,0.0105
3179.00,0.0104
3178.00,0.0103
3177.00,0.0102
3176.00,0.0102
3175.00,0.0101
3174.00,0.0100
3173.00,0.0100
3172.00,0.0099
3171.00,0.0098
3170.00,0.0098
3169.00,0.0097
3168.00,0.0096
3167.00,0.0096
3166.00,0.0095
3165.00,0.0095
3164.00,0.0094
3163.00,0.0094
3162.00,0.0093
3161.00,0.0093
3160.00,0.0092
3159.00,0.0092
3158.00,0.0091
3157.00,0.0091
3156.00,0.0090
3155.00,0.0090
3154.00,0.0089
3153.00,0.0089
3152.00,0.0089
3151.00,0.0088
3150.00,0.0088
3149.00,0.0088
3148.00,0.0088
3147.00,0.0088
3146.00,0.0087
3145.00,0.0087
3144.00,0.0087
3143.00,0.0087
3142.00,0.0086
3141.00,0.0086
3140.00,0.0086
3139.00,0.0085
3138.00,0.0085
3137.00,0.0085
3136.00,0.0085
3135.00,0.0085
3134.00,0.0085
3133.00,0.0084
3132.00,0.0084
3131.00,0.0084
3130.00,0.0084
3129.00,0.0084
3128.00,0.0083
3127.00,0.0083
3126.00,0.0083
3125.00,0.0083
3124.00,0.0083
3123.00,0.0083
3122.00,0.0082
3121.00,0.0082
3120.00,0.0082
3119.00,0.0082
3118.00,0.0082
3117.00,0.0082
3116.00,0.0082
3115.00,0.0082
3114.00,0.0083
3113.00,0.0083
3112.00,0.0083
3111.00,0.0083
3110.00,0.0083
3109.00,0.0083
3108.00,0.0083
3107.00,0.0083
3106.00,0.0083
3105.00,0.0083
3104.00,0.0083
3103.00,0.0084
3102.00,0.0084
3101.00,0.0084
3100.00,0.0084
3099.00,0.0084
3098.00,0.0085
3097.00,0.0085
3096.00,0.0086
3095.00,0.0086
3094.00,0.0086
3093.00,0.0086
3092.00,0.0086
3091.00,0.0087
3090.00,0.0087
3089.00,0.0087
3088.00,0.0087
3087.00,0.0087
3086.00,0.0087
3085.00,0.0088
3084.00,0.0088
3083.00,0.0088
3082.00,0.0088
3081.00,0.0088
3080.00,0.0088
3079.00,0.0088
3078.00,0.0088
3077.00,0.0089
3076.00,0.0089
3075.00,0.0089
3074.00,0.0089
3073.00,0.0089
3072.00,0.0089
3071.00,0.0088
3070.00,0.0088
3069.00,0.0088
3068.00,0.0087
3067.00,0.0087
3066.00,0.0087
3065.00,0.0087
3064.00,0.0086
3063.00,0.0086
3062.00,0.0086
3061.00,0.0086
3060.00,0.0085
3059.00,0.0085
3058.00,0.0084
3057.00,0.0084
3056.00,0.0083
3055.00,0.0083
3054.00,0.0082
3053.00,0.0082
3052.00,0.0082
3051.00,0.0081
3050.00,0.0081
3049.00,0.0081
3048.00,0.0080
3047.00,0.0080
3046.00,0.0079
3045.00,0.0079
3044.00,0.0078
3043.00,0.0078
3042.00,0.0078
3041.00,0.0077
3040.00,0.0077
3039.00,0.0077
3038.00,0.0077
3037.00,0.0076
3036.00,0.0076
3035.00,0.0075
3034.00,0.0075
3033.00,0.0075
3032.00,0.0074
3031.00,0.0074
3030.00,0.0074
3029.00,0.0074
3028.00,0.0074
3027.00,0.0074
3026.00,0.0074
3025.00,0.0073
3024.00,0.0073
3023.00,0.0073
3022.00,0.0072
3021.00,0.0072
3020.00,0.0072
3019.00,0.0072
3018.00,0.0072
3017.00,0.0071
3016.00,0.0071
3015.00,0.0071
3014.00,0.0071
3013.00,0.0071
3012.00,0.0070
3011.00,0.0070
3010.00,0.0070
3009.00,0.0070
3008.00,0.0070
3007.00,0.0070
3006.00,0.0070
3005.00,0.0070
3004.00,0.0070
3003.00,0.0071
3002.00,0.0071
3001.00,0.0071
3000.00,0.0071
2999.00,0.0071
2998.00,0.0071
2997.00,0.0071
2996.00,0.0072
2995.00,0.0072
2994.00,0.0072
2993.00,0.0073
2992.00,0.0073
2991.00,0.0074
2990.00,0.0074
2989.00,0.0075
2988.00,0.0076
2987.00,0.0077
2986.00,0.0078
2985.00,0.0079
2984.00,0.0080
2983.00,0.0081
2982.00,0.0083
2981.00,0.0084
2980.00,0.0086
2979.00,0.0088
2978.00,0.0091
2977.00,0.0093
2976.00,0.0095
2975.00,0.0098
2974.00,0.0100
2973.00,0.0102
2972.00,0.0105
2971.00,0.0107
2970.00,0.0108
2969.00,0.0110
2968.00,0.0111
2967.00,0.0112
2966.00,0.0113
2965.00,0.0113
2964.00,0.0113
2963.00,0.0112
2962.00,0.0111
2961.00,0.0110
2960.00,0.0108
2959.00,0.0105
2958.00,0.0102
2957.00,0.0099
2956.00,0.0096
2955.00,0.0093
2954.00,0.0091
2953.00,0.0088
2952.00,0.0087
2951.00,0.0085
2950.00,0.0084
2949.00,0.0084
2948.00,0.0083
2947.00,0.0083
2946.00,0.0083
2945.00,0.0084
2944.00,0.0085
2943.00,0.0086
2942.00,0.0087
2941.00,0.0088
2940.00,0.0089
2939.00,0.0090
2938.00,0.0091
2937.00,0.0093
2936.00,0.0094
2935.00,0.0095
2934.00,0.0096
2933.00,0.0096
2932.00,0.0097
2931.00,0.0096
2930.00,0.0096
2929.00,0.0095
2928.00,0.0095
2927.00,0.0094
2926.00,0.0094
2925.00,0.0094
2924.00,0.0093
2923.00,0.0093
2922.00,0.0092
2921.00,0.0092
2920.00,0.0092
2919.00,0.0091
2918.00,0.0091
2917.00,0.0091
2916.00,0.0090
2915.00,0.0090
2914.00,0.0090
2913.00,0.0089
2912.00,0.0089
2911.00,0.0089
2910.00,0.0088
2909.00,0.0088
2908.00,0.0088
2907.00,0.0087
2906.00,0.0087
2905.00,0.0086
2904.00,0.0086
2903.00,0.0086
2902.00,0.0086
2901.00,0.0085
2900.00,0.0085
2899.00,0.0085
2898.00,0.0085
2897.00,0.0085
2896.00,0.0085
2895.00,0.0085
2894.00,0.0085
2893.00,0.0085
2892.00,0.0085
2891.00,0.0085
2890.00,0.0085
2889.00,0.0084
2888.00,0.0085
2887.00,0.0085
2886.00,0.0085
2885.00,0.0085
2884.00,0.0085
2883.00,0.0086
2882.00,0.0087
2881.00,0.0087
2880.00,0.0088
2879.00,0.0089
2878.00,0.0090
2877.00,0.0090
2876.00,0.0090
2875.00,0.0089
2874.00,0.0088
2873.00,0.0087
2872.00,0.0086
2871.00,0.0085
2870.00,0.0083
2869.00,0.0082
2868.00,0.0082
2867.00,0.0081
2866.00,0.0081
2865.00,0.0081
2864.00,0.0081
2863.00,0.0080
2862.00,0.0080
2861.00,0.0080
2860.00,0.0080
2859.00,0.0079
2858.00,0.0079
2857.00,0.0078
2856.00,0.0078
2855.00,0.0077
2854.00,0.0077
2853.00,0.0076
2852.00,0.0075
2851.00,0.0075
2850.00,0.0074
2849.00,0.0074
2848.00,0.0074
2847.00,0.0073
2846.00,0.0073
2845.00,0.0073
2844.00,0.0072
2843.00,0.0072
2842.00,0.0072
2841.00,0.0072
2840.00,0.0072
2839.00,0.0072
2838.00,0.0072
2837.00,0.0072
2836.00,0.0071
2835.00,0.0071
2834.00,0.0071
2833.00,0.0071
2832.00,0.0071
2831.00,0.0071
2830.00,0.0071
2829.00,0.0071
2828.00,0.0071
2827.00,0.0071
2826.00,0.0071
2825.00,0.0071
2824.00,0.0071
2823.00,0.0070
2822.00,0.0070
2821.00,0.0070
2820.00,0.0070
2819.00,0.0070
2818.00,0.0070
2817.00,0.0070
2816.00,0.0070
2815.00,0.0070
2814.00,0.0070
2813.00,0.0070
2812.00,0.0070
2811.00,0.0070
2810.00,0.0070
2809.00,0.0070
2808.00,0.0070
2807.00,0.0070
2806.00,0.0070
2805.00,0.0070
2804.00,0.0070
2803.00,0.0070
2802.00,0.0070
2801.00,0.0069
2800.00,0.0069
2799.00,0.0069
2798.00,0.0069
2797.00,0.0069
2796.00,0.0069
2795.00,0.0069
2794.00,0.0069
2793.00,0.0069
2792.00,0.0069
2791.00,0.0069
2790.00,0.0069
2789.00,0.0069
2788.00,0.0069
2787.00,0.0069
2786.00,0.0069
2785.00,0.0069
2784.00,0.0069
2783.00,0.0069
2782.00,0.0069
2781.00,0.0069
2780.00,0.0069
2779.00,0.0068
2778.00,0.0068
2777.00,0.0068
2776.00,0.0068
2775.00,0.0068
2774.00,0.0068
2773.00,0.0068
2772.00,0.0068
2771.00,0.0068
2770.00,0.0068
2769.00,0.0068
2768.00,0.0068
2767.00,0.0068
2766.00,0.0068
2765.00,0.0068
2764.00,0.0068
2763.00,0.0068
2762.00,0.0068
2761.00,0.0068
2760.00,0.0068
2759.00,0.0068
2758.00,0.0068
2757.00,0.0068
2756.00,0.0068
2755.00,0.0067
2754.00,0.0067
2753.00,0.0067
2752.00,0.0067
2751.00,0.0067
2750.00,0.0067
2749.00,0.0067
2748.00,0.0067
2747.00,0.0067
2746.00,0.0067
2745.00,0.0067
2744.00,0.0067
2743.00,0.0067
2742.00,0.0067
2741.00,0.0067
2740.00,0.0067
2739.00,0.0067
2738.00,0.0067
2737.00,0.0067
2736.00,0.0067
2735.00,0.0067
2734.00,0.0067
2733.00,0.0067
2732.00,0.0067
2731.00,0.0066
2730.00,0.0066
2729.00,0.0066
2728.00,0.0066
2727.00,0.0066
2726.00,0.0066
2725.00,0.0066
2724.00,0.0066
2723.00,0.0066
2722.00,0.0065
2721.00,0.0065
2720.00,0.0065
2719.00,0.0065
2718.00,0.0065
2717.00,0.0065
2716.00,0.0065
2715.00,0.0065
2714.00,0.0065
2713.00,0.0065
2712.00,0.0065
2711.00,0.0065
2710.00,0.0065
2709.00,0.0065
2708.00,0.0065
2707.00,0.0065
2706.00,0.0064
2705.00,0.0064
2704.00,0.0064
2703.00,0.0064
2702.00,0.0064
2701.00,0.0064
2700.00,0.0064
2699.00,0.0064
2698.00,0.0064
2697.00,0.0064
2696.00,0.0064
2695.00,0.0064
2694.00,0.0064
2693.00,0.0064
2692.00,0.0064
2691.00,0.0064
2690.00,0.0064
2689.00,0.0064
2688.00,0.0064
2687.00,0.0064
2686.00,0.0064
2685.00,0.0064
2684.00,0.0064
2683.00,0.0064
2682.00,0.0063
2681.00,0.0063
2680.00,0.0063
2679.00,0.0063
2678.00,0.0063
2677.00,0.0063
2676.00,0.0063
2675.00,0.0063
2674.00,0.0063
2673.00,0.0063
2672.00,0.0063
2671.00,0.0063
2670.00,0.0063
2669.00,0.0063
2668.00,0.0063
2667.00,0.0063
2666.00,0.0063
2665.00,0.0063
2664.00,0.0063
2663.00,0.0063
2662.00,0.0063
2661.00,0.0063
2660.00,0.0063
2659.00,0.0063
2658.00,0.0063
2657.00,0.0063
2656.00,0.0062
2655.00,0.0062
2654.00,0.0062
2653.00,0.0062
2652.00,0.0062
2651.00,0.0062
2650.00,0.0062
2649.00,0.0062
2648.00,0.0062
2647.00,0.0062
2646.00,0.0062
2645.00,0.0062
2644.00,0.0062
2643.00,0.0062
2642.00,0.0062
2641.00,0.0062
2640.00,0.0062
2639.00,0.0062
2638.00,0.0062
2637.00,0.0062
2636.00,0.0062
2635.00,0.0062
2634.00,0.0062
2633.00,0.0062
2632.00,0.0062
2631.00,0.0061
2630.00,0.0061
2629.00,0.0061
2628.00,0.0061
2627.00,0.0061
2626.00,0.0061
2625.00,0.0061
2624.00,0.0061
2623.00,0.0061
2622.00,0.0061
2621.00,0.0061
2620.00,0.0061
2619.00,0.0061
2618.00,0.0061
2617.00,0.0061
2616.00,0.0061
2615.00,0.0061
2614.00,0.0060
2613.00,0.0060
2612.00,0.0060
2611.00,0.0061
2610.00,0.0061
2609.00,0.0061
2608.00,0.0060
2607.00,0.0060
2606.00,0.0060
2605.00,0.0060
2604.00,0.0060
2603.00,0.0060
2602.00,0.0060
2601.00,0.0060
2600.00,0.0060
2599.00,0.0060
2598.00,0.0060
2597.00,0.0060
2596.00,0.0060
2595.00,0.0060
2594.00,0.0060
2593.00,0.0060
2592.00,0.0060
2591.00,0.0060
2590.00,0.0060
2589.00,0.0060
2588.00,0.0060
2587.00,0.0060
2586.00,0.0060
2585.00,0.0060
2584.00,0.0060
2583.00,0.0060
2582.00,0.0060
2581.00,0.0060
2580.00,0.0060
2579.00,0.0060
2578.00,0.0061
2577.00,0.0061
2576.00,0.0061
2575.00,0.0061
2574.00,0.0061
2573.00,0.0061
2572.00,0.0061
2571.00,0.0061
2570.00,0.0061
2569.00,0.0061
2568.00,0.0061
2567.00,0.0061
2566.00,0.0061
2565.00,0.0061
2564.00,0.0061
2563.00,0.0061
2562.00,0.0061
2561.00,0.0061
2560.00,0.0060
2559.00,0.0060
2558.00,0.0060
2557.00,0.0060
2556.00,0.0060
2555.00,0.0060
2554.00,0.0060
2553.00,0.0060
2552.00,0.0060
2551.00,0.0060
2550.00,0.0059
2549.00,0.0059
2548.00,0.0059
2547.00,0.0059
2546.00,0.0059
2545.00,0.0059
2544.00,0.0059
2543.00,0.0059
2542.00,0.0059
2541.00,0.0059
2540.00,0.0059
2539.00,0.0059
2538.00,0.0059
2537.00,0.0059
2536.00,0.0059
2535.00,0.0059
2534.00,0.0059
2533.00,0.0059
2532.00,0.0059
2531.00,0.0059
2530.00,0.0059
2529.00,0.0059
2528.00,0.0059
2527.00,0.0059
2526.00,0.0059
2525.00,0.0059
2524.00,0.0059
2523.00,0.0059
2522.00,0.0058
2521.00,0.0058
2520.00,0.0058
2519.00,0.0058
2518.00,0.0058
2517.00,0.0058
2516.00,0.0058
2515.00,0.0058
2514.00,0.0058
2513.00,0.0058
2512.00,0.0058
2511.00,0.0058
2510.00,0.0058
2509.00,0.0058
2508.00,0.0058
2507.00,0.0058
2506.00,0.0058
2505.00,0.0058
2504.00,0.0058
2503.00,0.0058
2502.00,0.0058
2501.00,0.0058
2500.00,0.0058
2499.00,0.0057
2498.00,0.0057
2497.00,0.0057
2496.00,0.0057
2495.00,0.0057
2494.00,0.0057
2493.00,0.0057
2492.00,0.0057
2491.00,0.0058
2490.00,0.0058
2489.00,0.0057
2488.00,0.0057
2487.00,0.0057
2486.00,0.0057
2485.00,0.0057
2484.00,0.0057
2483.00,0.0057
2482.00,0.0057
2481.00,0.0057
2480.00,0.0057
2479.00,0.0057
2478.00,0.0057
2477.00,0.0057
2476.00,0.0057
2475.00,0.0057
2474.00,0.0057
2473.00,0.0057
2472.00,0.0056
2471.00,0.0056
2470.00,0.0056
2469.00,0.0057
2468.00,0.0057
2467.00,0.0057
2466.00,0.0057
2465.00,0.0057
2464.00,0.0057
2463.00,0.0057
2462.00,0.0057
2461.00,0.0057
2460.00,0.0057
2459.00,0.0056
2458.00,0.0056
2457.00,0.0056
2456.00,0.0056
2455.00,0.0056
2454.00,0.0056
2453.00,0.0056
2452.00,0.0056
2451.00,0.0056
2450.00,0.0056
2449.00,0.0056
2448.00,0.0056
2447.00,0.0056
2446.00,0.0056
2445.00,0.0056
2444.00,0.0056
2443.00,0.0056
2442.00,0.0056
2441.00,0.0056
2440.00,0.0056
2439.00,0.0056
2438.00,0.0056
2437.00,0.0056
2436.00,0.0056
2435.00,0.0056
2434.00,0.0055
2433.00,0.0055
2432.00,0.0055
2431.00,0.0056
2430.00,0.0056
2429.00,0.0056
2428.00,0.0056
2427.00,0.0056
2426.00,0.0056
2425.00,0.0056
2424.00,0.0056
2423.00,0.0056
2422.00,0.0056
2421.00,0.0056
2420.00,0.0056
2419.00,0.0056
2418.00,0.0056
2417.00,0.0055
2416.00,0.0056
2415.00,0.0056
2414.00,0.0056
2413.00,0.0055
2412.00,0.0055
2411.00,0.0055
2410.00,0.0055
2409.00,0.0055
2408.00,0.0055
2407.00,0.0055
2406.00,0.0055
2405.00,0.0055
2404.00,0.0055
2403.00,0.0055
2402.00,0.0055
2401.00,0.0055
2400.00,0.0055
2399.00,0.0055
2398.00,0.0055
2397.00,0.0055
2396.00,0.0055
2395.00,0.0055
2394.00,0.0055
2393.00,0.0055
2392.00,0.0055
2391.00,0.0055
2390.00,0.0055
2389.00,0.0055
2388.00,0.0055
2387.00,0.0055
2386.00,0.0055
2385.00,0.0055
2384.00,0.0055
2383.00,0.0055
2382.00,0.0055
2381.00,0.0054
2380.00,0.0054
2379.00,0.0054
2378.00,0.0054
2377.00,0.0055
2376.00,0.0056
2375.00,0.0057
2374.00,0.0058
2373.00,0.0058
2372.00,0.0057
2371.00,0.0056
2370.00,0.0055
2369.00,0.0054
2368.00,0.0054
2367.00,0.0054
2366.00,0.0055
2365.00,0.0055
2364.00,0.0056
2363.00,0.0057
2362.00,0.0057
2361.00,0.0058
2360.00,0.0058
2359.00,0.0059
2358.00,0.0058
2357.00,0.0058
2356.00,0.0058
2355.00,0.0058
2354.00,0.0059
2353.00,0.0059
2352.00,0.0058
2351.00,0.0056
2350.00,0.0056
2349.00,0.0057
2348.00,0.0059
2347.00,0.0060
2346.00,0.0060
2345.00,0.0058
2344.00,0.0058
2343.00,0.0058
2342.00,0.0059
2341.00,0.0059
2340.00,0.0058
2339.00,0.0058
2338.00,0.0058
2337.00,0.0058
2336.00,0.0058
2335.00,0.0057
2334.00,0.0057
2333.00,0.0056
2332.00,0.0055
2331.00,0.0054
2330.00,0.0054
2329.00,0.0055
2328.00,0.0056
2327.00,0.0057
2326.00,0.0058
2325.00,0.0057
2324.00,0.0057
2323.00,0.0056
2322.00,0.0056
2321.00,0.0057
2320.00,0.0058
2319.00,0.0059
2318.00,0.0061
2317.00,0.0061
2316.00,0.0061
2315.00,0.0061
2314.00,0.0060
2313.00,0.0059
2312.00,0.0058
2311.00,0.0058
2310.00,0.0057
2309.00,0.0057
2308.00,0.0056
2307.00,0.0056
2306.00,0.0055
2305.00,0.0055
2304.00,0.0055
2303.00,0.0054
2302.00,0.0055
2301.00,0.0055
2300.00,0.0055
2299.00,0.0055
2298.00,0.0055
2297.00,0.0055
2296.00,0.0055
2295.00,0.0055
2294.00,0.0054
2293.00,0.0054
2292.00,0.0054
2291.00,0.0054
2290.00,0.0054
2289.00,0.0054
2288.00,0.0054
2287.00,0.0054
2286.00,0.0054
2285.00,0.0053
2284.00,0.0053
2283.00,0.0053
2282.00,0.0053
2281.00,0.0053
2280.00,0.0053
2279.00,0.0053
2278.00,0.0053
2277.00,0.0052
2276.00,0.0052
2275.00,0.0052
2274.00,0.0052
2273.00,0.0052
2272.00,0.0052
2271.00,0.0052
2270.00,0.0052
2269.00,0.0052
2268.00,0.0053
2267.00,0.0053
2266.00,0.0052
2265.00,0.0052
2264.00,0.0052
2263.00,0.0052
2262.00,0.0053
2261.00,0.0053
2260.00,0.0053
2259.00,0.0053
2258.00,0.0053
2257.00,0.0052
2256.00,0.0052
2255.00,0.0052
2254.00,0.0052
2253.00,0.0051
2252.00,0.0051
2251.00,0.0051
2250.00,0.0051
2249.00,0.0051
2248.00,0.0052
2247.00,0.0052
2246.00,0.0052
2245.00,0.0051
2244.00,0.0051
2243.00,0.0051
2242.00,0.0051
2241.00,0.0051
2240.00,0.0051
2239.00,0.0051
2238.00,0.0051
2237.00,0.0051
2236.00,0.0051
2235.00,0.0051
2234.00,0.0051
2233.00,0.0051
2232.00,0.0051
2231.00,0.0051
2230.00,0.0051
2229.00,0.0051
2228.00,0.0051
2227.00,0.0051
2226.00,0.0051
2225.00,0.0051
2224.00,0.0051
2223.00,0.0051
2222.00,0.0051
2221.00,0.0051
2220.00,0.0051
2219.00,0.0051
2218.00,0.0051
2217.00,0.0051
2216.00,0.0051
2215.00,0.0051
2214.00,0.0050
2213.00,0.0049
2212.00,0.0049
2211.00,0.0049
2210.00,0.0049
2209.00,0.0049
2208.00,0.0050
2207.00,0.0049
2206.00,0.0049
2205.00,0.0049
2204.00,0.0050
2203.00,0.0050
2202.00,0.0050
2201.00,0.0049
2200.00,0.0049
2199.00,0.0049
2198.00,0.0049
2197.00,0.0049
2196.00,0.0050
2195.00,0.0050
2194.00,0.0050
2193.00,0.0049
2192.00,0.0049
2191.00,0.0049
2190.00,0.0049
2189.00,0.0049
2188.00,0.0049
2187.00,0.0049
2186.00,0.0049
2185.00,0.0049
2184.00,0.0049
2183.00,0.0050
2182.00,0.0050
2181.00,0.0050
2180.00,0.0049
2179.00,0.0049
2178.00,0.0048
2177.00,0.0048
2176.00,0.0049
2175.00,0.0050
2174.00,0.0049
2173.00,0.0049
2172.00,0.0049
2171.00,0.0049
2170.00,0.0050
2169.00,0.0050
2168.00,0.0050
2167.00,0.0049
2166.00,0.0049
2165.00,0.0048
2164.00,0.0048
2163.00,0.0048
2162.00,0.0048
2161.00,0.0048
2160.00,0.0047
2159.00,0.0047
2158.00,0.0046
2157.00,0.0046
2156.00,0.0047
2155.00,0.0048
2154.00,0.0048
2153.00,0.0047
2152.00,0.0046
2151.00,0.0046
2150.00,0.0046
2149.00,0.0046
2148.00,0.0047
2147.00,0.0047
2146.00,0.0047
2145.00,0.0047
2144.00,0.0046
2143.00,0.0045
2142.00,0.0045
2141.00,0.0045
2140.00,0.0046
2139.00,0.0046
2138.00,0.0046
2137.00,0.0046
2136.00,0.0046
2135.00,0.0046
2134.00,0.0046
2133.00,0.0047
2132.00,0.0048
2131.00,0.0048
2130.00,0.0048
2129.00,0.0048
2128.00,0.0048
2127.00,0.0047
2126.00,0.0047
2125.00,0.0047
2124.00,0.0047
2123.00,0.0047
2122.00,0.0048
2121.00,0.0048
2120.00,0.0048
2119.00,0.0048
2118.00,0.0048
2117.00,0.0048
2116.00,0.0047
2115.00,0.0047
2114.00,0.0047
2113.00,0.0047
2112.00,0.0047
2111.00,0.0048
2110.00,0.0048
2109.00,0.0048
2108.00,0.0048
2107.00,0.0048
2106.00,0.0047
2105.00,0.0047
2104.00,0.0048
2103.00,0.0048
2102.00,0.0048
2101.00,0.0047
2100.00,0.0047
2099.00,0.0047
2098.00,0.0047
2097.00,0.0047
2096.00,0.0047
2095.00,0.0047
2094.00,0.0046
2093.00,0.0046
2092.00,0.0046
2091.00,0.0046
2090.00,0.0046
2089.00,0.0046
2088.00,0.0046
2087.00,0.0046
2086.00,0.0046
2085.00,0.0046
2084.00,0.0046
2083.00,0.0046
2082.00,0.0046
2081.00,0.0046
2080.00,0.0046
2079.00,0.0046
2078.00,0.0046
2077.00,0.0046
2076.00,0.0046
2075.00,0.0046
2074.00,0.0046
2073.00,0.0046
2072.00,0.0046
2071.00,0.0045
2070.00,0.0045
2069.00,0.0045
2068.00,0.0045
2067.00,0.0045
2066.00,0.0045
2065.00,0.0045
2064.00,0.0045
2063.00,0.0045
2062.00,0.0046
2061.00,0.0046
2060.00,0.0046
2059.00,0.0046
2058.00,0.0046
2057.00,0.0045
2056.00,0.0045
2055.00,0.0045
2054.00,0.0045
2053.00,0.0045
2052.00,0.0046
2051.00,0.0047
2050.00,0.0048
2049.00,0.0047
2048.00,0.0047
2047.00,0.0047
2046.00,0.0047
2045.00,0.0046
2044.00,0.0046
2043.00,0.0045
2042.00,0.0044
2041.00,0.0044
2040.00,0.0044
2039.00,0.0046
2038.00,0.0046
2037.00,0.0047
2036.00,0.0046
2035.00,0.0046
2034.00,0.0045
2033.00,0.0045
2032.00,0.0045
2031.00,0.0045
2030.00,0.0045
2029.00,0.0044
2028.00,0.0044
2027.00,0.0044
2026.00,0.0045
2025.00,0.0046
2024.00,0.0046
2023.00,0.0045
2022.00,0.0044
2021.00,0.0044
2020.00,0.0044
2019.00,0.0045
2018.00,0.0046
2017.00,0.0046
2016.00,0.0046
2015.00,0.0046
2014.00,0.0045
2013.00,0.0044
2012.00,0.0042
2011.00,0.0042
2010.00,0.0042
2009.00,0.0042
2008.00,0.0043
2007.00,0.0043
2006.00,0.0043
2005.00,0.0043
2004.00,0.0043
2003.00,0.0043
2002.00,0.0043
2001.00,0.0044
2000.00,0.0044
1999.00,0.0044
1998.00,0.0043
1997.00,0.0043
1996.00,0.0043
1995.00,0.0042
1994.00,0.0041
1993.00,0.0040
1992.00,0.0040
1991.00,0.0041
1990.00,0.0042
1989.00,0.0043
1988.00,0.0043
1987.00,0.0043
1986.00,0.0042
1985.00,0.0041
1984.00,0.0041
1983.00,0.0042
1982.00,0.0042
1981.00,0.0041
1980.00,0.0041
1979.00,0.0041
1978.00,0.0041
1977.00,0.0041
1976.00,0.0040
1975.00,0.0040
1974.00,0.0040
1973.00,0.0039
1972.00,0.0039
1971.00,0.0039
1970.00,0.0040
1969.00,0.0040
1968.00,0.0041
1967.00,0.0041
1966.00,0.0041
1965.00,0.0041
1964.00,0.0041
1963.00,0.0042
1962.00,0.0042
1961.00,0.0042
1960.00,0.0042
1959.00,0.0042
1958.00,0.0042
1957.00,0.0042
1956.00,0.0042
1955.00,0.0043
1954.00,0.0042
1953.00,0.0042
1952.00,0.0041
1951.00,0.0042
1950.00,0.0042
1949.00,0.0042
1948.00,0.0041
1947.00,0.0040
1946.00,0.0040
1945.00,0.0040
1944.00,0.0040
1943.00,0.0040
1942.00,0.0040
1941.00,0.0039
1940.00,0.0039
1939.00,0.0040
1938.00,0.0040
1937.00,0.0039
1936.00,0.0040
1935.00,0.0040
1934.00,0.0040
1933.00,0.0040
1932.00,0.0040
1931.00,0.0040
1930.00,0.0039
1929.00,0.0039
1928.00,0.0040
1927.00,0.0040
1926.00,0.0040
1925.00,0.0041
1924.00,0.0041
1923.00,0.0041
1922.00,0.0040
1921.00,0.0039
1920.00,0.0039
1919.00,0.0040
1918.00,0.0040
1917.00,0.0040
1916.00,0.0040
1915.00,0.0040
1914.00,0.0040
1913.00,0.0040
1912.00,0.0040
1911.00,0.0040
1910.00,0.0040
1909.00,0.0040
1908.00,0.0039
1907.00,0.0039
1906.00,0.0039
1905.00,0.0040
1904.00,0.0040
1903.00,0.0040
1902.00,0.0040
1901.00,0.0039
1900.00,0.0039
1899.00,0.0039
1898.00,0.0039
1897.00,0.0039
1896.00,0.0039
1895.00,0.0040
1894.00,0.0040
1893.00,0.0040
1892.00,0.0040
1891.00,0.0040
1890.00,0.0040
1889.00,0.0040
1888.00,0.0040
1887.00,0.0039
1886.00,0.0039
1885.00,0.0039
1884.00,0.0039
1883.00,0.0039
1882.00,0.0039
1881.00,0.0039
1880.00,0.0039
1879.00,0.0039
1878.00,0.0039
1877.00,0.0039
1876.00,0.0038
1875.00,0.0038
1874.00,0.0038
1873.00,0.0038
1872.00,0.0038
1871.00,0.0038
1870.00,0.0038
1869.00,0.0038
1868.00,0.0038
1867.00,0.0038
1866.00,0.0037
1865.00,0.0037
1864.00,0.0037
1863.00,0.0038
1862.00,0.0038
1861.00,0.0038
1860.00,0.0038
1859.00,0.0038
1858.00,0.0038
1857.00,0.0038
1856.00,0.0038
1855.00,0.0038
1854.00,0.0038
1853.00,0.0038
1852.00,0.0038
1851.00,0.0038
1850.00,0.0037
1849.00,0.0037
1848.00,0.0037
1847.00,0.0037
1846.00,0.0037
1845.00,0.0036
1844.00,0.0036
1843.00,0.0036
1842.00,0.0036
1841.00,0.0036
1840.00,0.0036
1839.00,0.0036
1838.00,0.0037
1837.00,0.0036
1836.00,0.0036
1835.00,0.0037
1834.00,0.0037
1833.00,0.0037
1832.00,0.0038
1831.00,0.0039
1830.00,0.0039
1829.00,0.0038
1828.00,0.0038
1827.00,0.0038
1826.00,0.0038
1825.00,0.0038
1824.00,0.0037
1823.00,0.0037
1822.00,0.0036
1821.00,0.0036
1820.00,0.0036
1819.00,0.0036
1818.00,0.0036
1817.00,0.0036
1816.00,0.0036
1815.00,0.0037
1814.00,0.0037
1813.00,0.0037
1812.00,0.0037
1811.00,0.0037
1810.00,0.0037
1809.00,0.0036
1808.00,0.0036
1807.00,0.0036
1806.00,0.0036
1805.00,0.0036
1804.00,0.0036
1803.00,0.0036
1802.00,0.0036
1801.00,0.0036
1800.00,0.0036
1799.00,0.0036
1798.00,0.0036
1797.00,0.0035
1796.00,0.0035
1795.00,0.0035
1794.00,0.0035
1793.00,0.0034
1792.00,0.0034
1791.00,0.0035
1790.00,0.0035
1789.00,0.0034
1788.00,0.0035
1787.00,0.0035
1786.00,0.0035
1785.00,0.0035
1784.00,0.0035
1783.00,0.0036
1782.00,0.0036
1781.00,0.0036
1780.00,0.0036
1779.00,0.0035
1778.00,0.0035
1777.00,0.0035
1776.00,0.0035
1775.00,0.0035
1774.00,0.0036
1773.00,0.0036
1772.00,0.0035
1771.00,0.0035
1770.00,0.0035
1769.00,0.0034
1768.00,0.0033
1767.00,0.0033
1766.00,0.0033
1765.00,0.0033
1764.00,0.0033
1763.00,0.0033
1762.00,0.0033
1761.00,0.0033
1760.00,0.0033
1759.00,0.0033
1758.00,0.0033
1757.00,0.0032
1756.00,0.0032
1755.00,0.0032
1754.00,0.0032
1753.00,0.0032
1752.00,0.0032
1751.00,0.0032
1750.00,0.0032
1749.00,0.0032
1748.00,0.0032
1747.00,0.0032
1746.00,0.0032
1745.00,0.0032
1744.00,0.0033
1743.00,0.0033
1742.00,0.0033
1741.00,0.0033
1740.00,0.0033
1739.00,0.0032
1738.00,0.0032
1737.00,0.0032
1736.00,0.0032
1735.00,0.0031
1734.00,0.0030
1733.00,0.0030
1732.00,0.0031
1731.00,0.0032
1730.00,0.0033
1729.00,0.0033
1728.00,0.0033
1727.00,0.0033
1726.00,0.0033
1725.00,0.0033
1724.00,0.0033
1723.00,0.0033
1722.00,0.0033
1721.00,0.0033
1720.00,0.0035
1719.00,0.0036
1718.00,0.0036
1717.00,0.0033
1716.00,0.0032
1715.00,0.0032
1714.00,0.0032
1713.00,0.0032
1712.00,0.0033
1711.00,0.0034
1710.00,0.0034
1709.00,0.0035
1708.00,0.0036
1707.00,0.0038
1706.00,0.0039
1705.00,0.0039
1704.00,0.0040
1703.00,0.0041
1702.00,0.0041
1701.00,0.0042
1700.00,0.0044
1699.00,0.0046
1698.00,0.0048
1697.00,0.0049
1696.00,0.0051
1695.00,0.0054
1694.00,0.0056
1693.00,0.0057
1692.00,0.0058
1691.00,0.0061
1690.00,0.0064
1689.00,0.0068
1688.00,0.0072
1687.00,0.0077
1686.00,0.0083
1685.00,0.0093
1684.00,0.0110
1683.00,0.0127
1682.00,0.0140
1681.00,0.0153
1680.00,0.0168
1679.00,0.0183
1678.00,0.0195
1677.00,0.0201
1676.00,0.0203
1675.00,0.0201
1674.00,0.0196
1673.00,0.0189
1672.00,0.0180
1671.00,0.0172
1670.00,0.0165
1669.00,0.0161
1668.00,0.0159
1667.00,0.0158
1666.00,0.0156
1665.00,0.0156
1664.00,0.0157
1663.00,0.0160
1662.00,0.0166
1661.00,0.0171
1660.00,0.0176
1659.00,0.0180
1658.00,0.0185
1657.00,0.0189
1656.00,0.0194
1655.00,0.0199
1654.00,0.0211
1653.00,0.0233
1652.00,0.0253
1651.00,0.0259
1650.00,0.0258
1649.00,0.0256
1648.00,0.0260
1647.00,0.0271
1646.00,0.0288
1645.00,0.0302
1644.00,0.0312
1643.00,0.0319
1642.00,0.0327
1641.00,0.0336
1640.00,0.0345
1639.00,0.0354
1638.00,0.0361
1637.00,0.0372
1636.00,0.0392
1635.00,0.0419
1634.00,0.0439
1633.00,0.0449
1632.00,0.0455
1631.00,0.0461
1630.00,0.0471
1629.00,0.0485
1628.00,0.0503
1627.00,0.0521
1626.00,0.0534
1625.00,0.0543
1624.00,0.0553
1623.00,0.0566
1622.00,0.0576
1621.00,0.0576
1620.00,0.0568
1619.00,0.0556
1618.00,0.0544
1617.00,0.0534
1616.00,0.0527
1615.00,0.0518
1614.00,0.0503
1613.00,0.0485
1612.00,0.0465
1611.00,0.0446
1610.00,0.0427
1609.00,0.0409
1608.00,0.0390
1607.00,0.0372
1606.00,0.0354
1605.00,0.0336
1604.00,0.0319
1603.00,0.0303
1602.00,0.0288
1601.00,0.0273
1600.00,0.0260
1599.00,0.0248
1598.00,0.0237
1597.00,0.0226
1596.00,0.0216
1595.00,0.0207
1594.00,0.0198
1593.00,0.0191
1592.00,0.0183
1591.00,0.0176
1590.00,0.0171
1589.00,0.0165
1588.00,0.0160
1587.00,0.0155
1586.00,0.0152
1585.00,0.0148
1584.00,0.0145
1583.00,0.0142
1582.00,0.0140
1581.00,0.0138
1580.00,0.0137
1579.00,0.0136
1578.00,0.0136
1577.00,0.0137
1576.00,0.0139
1575.00,0.0141
1574.00,0.0143
1573.00,0.0144
1572.00,0.0144
1571.00,0.0146
1570.00,0.0152
1569.00,0.0160
1568.00,0.0166
1567.00,0.0171
1566.00,0.0176
1565.00,0.0183
1564.00,0.0190
1563.00,0.0196
1562.00,0.0201
1561.00,0.0205
1560.00,0.0215
1559.00,0.0234
1558.00,0.0257
1557.00,0.0267
1556.00,0.0268
1555.00,0.0270
1554.00,0.0275
1553.00,0.0282
1552.00,0.0287
1551.00,0.0292
1550.00,0.0298
1549.00,0.0304
1548.00,0.0308
1547.00,0.0309
1546.00,0.0310
1545.00,0.0311
1544.00,0.0313
1543.00,0.0314
1542.00,0.0313
1541.00,0.0316
1540.00,0.0323
1539.00,0.0330
1538.00,0.0330
1537.00,0.0323
1536.00,0.0313
1535.00,0.0304
1534.00,0.0297
1533.00,0.0294
1532.00,0.0290
1531.00,0.0284
1530.00,0.0276
1529.00,0.0268
1528.00,0.0260
1527.00,0.0253
1526.00,0.0246
1525.00,0.0240
1524.00,0.0234
1523.00,0.0228
1522.00,0.0222
1521.00,0.0217
1520.00,0.0214
1519.00,0.0211
1518.00,0.0205
1517.00,0.0200
1516.00,0.0195
1515.00,0.0190
1514.00,0.0185
1513.00,0.0180
1512.00,0.0176
1511.00,0.0173
1510.00,0.0170
1509.00,0.0166
1508.00,0.0163
1507.00,0.0161
1506.00,0.0161
1505.00,0.0160
1504.00,0.0156
1503.00,0.0152
1502.00,0.0148
1501.00,0.0145
1500.00,0.0143
1499.00,0.0141
1498.00,0.0140
1497.00,0.0138
1496.00,0.0137
1495.00,0.0136
1494.00,0.0135
1493.00,0.0133
1492.00,0.0131
1491.00,0.0130
1490.00,0.0129
1489.00,0.0128
1488.00,0.0127
1487.00,0.0127
1486.00,0.0126
1485.00,0.0125
1484.00,0.0124
1483.00,0.0124
1482.00,0.0123
1481.00,0.0122
1480.00,0.0122
1479.00,0.0122
1478.00,0.0122
1477.00,0.0122
1476.00,0.0122
1475.00,0.0122
1474.00,0.0121
1473.00,0.0122
1472.00,0.0125
1471.00,0.0128
1470.00,0.0130
1469.00,0.0131
1468.00,0.0131
1467.00,0.0132
1466.00,0.0134
1465.00,0.0136
1464.00,0.0138
1463.00,0.0140
1462.00,0.0140
1461.00,0.0140
1460.00,0.0140
1459.00,0.0140
1458.00,0.0140
1457.00,0.0141
1456.00,0.0144
1455.00,0.0147
1454.00,0.0147
1453.00,0.0146
1452.00,0.0145
1451.00,0.0144
1450.00,0.0143
1449.00,0.0142
1448.00,0.0140
1447.00,0.0140
1446.00,0.0139
1445.00,0.0139
1444.00,0.0138
1443.00,0.0138
1442.00,0.0138
1441.00,0.0139
1440.00,0.0138
1439.00,0.0138
1438.00,0.0139
1437.00,0.0140
1436.00,0.0144
1435.00,0.0147
1434.00,0.0150
1433.00,0.0151
1432.00,0.0153
1431.00,0.0156
1430.00,0.0160
1429.00,0.0165
1428.00,0.0168
1427.00,0.0171
1426.00,0.0175
1425.00,0.0178
1424.00,0.0182
1423.00,0.0185
1422.00,0.0187
1421.00,0.0188
1420.00,0.0189
1419.00,0.0190
1418.00,0.0191
1417.00,0.0190
1416.00,0.0187
1415.00,0.0184
1414.00,0.0180
1413.00,0.0176
1412.00,0.0172
1411.00,0.0169
1410.00,0.0165
1409.00,0.0163
1408.00,0.0160
1407.00,0.0158
1406.00,0.0156
1405.00,0.0155
1404.00,0.0154
1403.00,0.0153
1402.00,0.0153
1401.00,0.0153
1400.00,0.0153
1399.00,0.0154
1398.00,0.0156
1397.00,0.0158
1396.00,0.0160
1395.00,0.0162
1394.00,0.0166
1393.00,0.0168
1392.00,0.0168
1391.00,0.0168
1390.00,0.0168
1389.00,0.0168
1388.00,0.0168
1387.00,0.0169
1386.00,0.0170
1385.00,0.0171
1384.00,0.0171
1383.00,0.0171
1382.00,0.0171
1381.00,0.0169
1380.00,0.0168
1379.00,0.0166
1378.00,0.0165
1377.00,0.0164
1376.00,0.0163
1375.00,0.0163
1374.00,0.0164
1373.00,0.0164
1372.00,0.0164
1371.00,0.0164
1370.00,0.0163
1369.00,0.0162
1368.00,0.0160
1367.00,0.0157
1366.00,0.0153
1365.00,0.0150
1364.00,0.0147
1363.00,0.0144
1362.00,0.0141
1361.00,0.0139
1360.00,0.0137
1359.00,0.0135
1358.00,0.0133
1357.00,0.0132
1356.00,0.0130
1355.00,0.0129
1354.00,0.0127
1353.00,0.0126
1352.00,0.0125
1351.00,0.0123
1350.00,0.0122
1349.00,0.0120
1348.00,0.0118
1347.00,0.0117
1346.00,0.0115
1345.00,0.0114
1344.00,0.0113
1343.00,0.0112
1342.00,0.0112
1341.00,0.0111
1340.00,0.0110
1339.00,0.0109
1338.00,0.0109
1337.00,0.0109
1336.00,0.0108
1335.00,0.0108
1334.00,0.0107
1333.00,0.0107
1332.00,0.0106
1331.00,0.0106
1330.00,0.0106
1329.00,0.0106
1328.00,0.0106
1327.00,0.0106
1326.00,0.0107
1325.00,0.0107
1324.00,0.0108
1323.00,0.0108
1322.00,0.0108
1321.00,0.0109
1320.00,0.0109
1319.00,0.0109
1318.00,0.0109
1317.00,0.0109
1316.00,0.0109
1315.00,0.0108
1314.00,0.0107
1313.00,0.0107
1312.00,0.0106
1311.00,0.0105
1310.00,0.0104
1309.00,0.0103
1308.00,0.0103
1307.00,0.0102
1306.00,0.0103
1305.00,0.0103
1304.00,0.0104
1303.00,0.0105
1302.00,0.0107
1301.00,0.0109
1300.00,0.0112
1299.00,0.0116
1298.00,0.0120
1297.00,0.0124
1296.00,0.0128
1295.00,0.0131
1294.00,0.0134
1293.00,0.0137
1292.00,0.0138
1291.00,0.0138
1290.00,0.0138
1289.00,0.0138
1288.00,0.0137
1287.00,0.0136
1286.00,0.0135
1285.00,0.0134
1284.00,0.0133
1283.00,0.0132
1282.00,0.0130
1281.00,0.0129
1280.00,0.0128
1279.00,0.0127
1278.00,0.0126
1277.00,0.0125
1276.00,0.0123
1275.00,0.0122
1274.00,0.0121
1273.00,0.0119
1272.00,0.0117
1271.00,0.0115
1270.00,0.0113
1269.00,0.0111
1268.00,0.0109
1267.00,0.0107
1266.00,0.0106
1265.00,0.0105
1264.00,0.0104
1263.00,0.0104
1262.00,0.0103
1261.00,0.0103
1260.00,0.0103
1259.00,0.0102
1258.00,0.0102
1257.00,0.0102
1256.00,0.0102
1255.00,0.0101
1254.00,0.0101
1253.00,0.0100
1252.00,0.0099
1251.00,0.0099
1250.00,0.0099
1249.00,0.0099
1248.00,0.0099
1247.00,0.0099
1246.00,0.0100
1245.00,0.0102
1244.00,0.0103
1243.00,0.0105
1242.00,0.0108
1241.00,0.0111
1240.00,0.0113
1239.00,0.0116
1238.00,0.0118
1237.00,0.0120
1236.00,0.0121
1235.00,0.0121
1234.00,0.0121
1233.00,0.0120
1232.00,0.0119
1231.00,0.0118
1230.00,0.0117
1229.00,0.0116
1228.00,0.0115
1227.00,0.0115
1226.00,0.0115
1225.00,0.0116
1224.00,0.0117
1223.00,0.0120
1222.00,0.0123
1221.00,0.0126
1220.00,0.0130
1219.00,0.0133
1218.00,0.0136
1217.00,0.0138
1216.00,0.0138
1215.00,0.0138
1214.00,0.0137
1213.00,0.0135
1212.00,0.0132
1211.00,0.0128
1210.00,0.0125
1209.00,0.0121
1208.00,0.0116
1207.00,0.0112
1206.00,0.0109
1205.00,0.0105
1204.00,0.0102
1203.00,0.0099
1202.00,0.0097
1201.00,0.0095
1200.00,0.0094
1199.00,0.0092
1198.00,0.0092
1197.00,0.0091
1196.00,0.0091
1195.00,0.0091
1194.00,0.0091
1193.00,0.0091
1192.00,0.0090
1191.00,0.0090
1190.00,0.0090
1189.00,0.0089
1188.00,0.0089
1187.00,0.0088
1186.00,0.0087
1185.00,0.0086
1184.00,0.0086
1183.00,0.0085
1182.00,0.0085
1181.00,0.0085
1180.00,0.0084
1179.00,0.0084
1178.00,0.0083
1177.00,0.0083
1176.00,0.0082
1175.00,0.0082
1174.00,0.0082
1173.00,0.0082
1172.00,0.0081
1171.00,0.0081
1170.00,0.0081
1169.00,0.0081
1168.00,0.0081
1167.00,0.0081
1166.00,0.0081
1165.00,0.0081
1164.00,0.0081
1163.00,0.0082
1162.00,0.0083
1161.00,0.0085
1160.00,0.0087
1159.00,0.0090
1158.00,0.0094
1157.00,0.0097
1156.00,0.0101
1155.00,0.0104
1154.00,0.0107
1153.00,0.0110
1152.00,0.0111
1151.00,0.0112
1150.00,0.0113
1149.00,0.0113
1148.00,0.0113
1147.00,0.0113
1146.00,0.0114
1145.00,0.0116
1144.00,0.0119
1143.00,0.0122
1142.00,0.0125
1141.00,0.0128
1140.00,0.0130
1139.00,0.0130
1138.00,0.0129
1137.00,0.0127
1136.00,0.0125
1135.00,0.0121
1134.00,0.0118
1133.00,0.0115
1132.00,0.0112
1131.00,0.0110
1130.00,0.0108
1129.00,0.0107
1128.00,0.0106
1127.00,0.0105
1126.00,0.0104
1125.00,0.0104
1124.00,0.0103
1123.00,0.0102
1122.00,0.0102
1121.00,0.0102
1120.00,0.0102
1119.00,0.0103
1118.00,0.0104
1117.00,0.0106
1116.00,0.0107
1115.00,0.0109
1114.00,0.0111
1113.00,0.0113
1112.00,0.0114
1111.00,0.0115
1110.00,0.0116
1109.00,0.0117
1108.00,0.0117
1107.00,0.0117
1106.00,0.0117
1105.00,0.0117
1104.00,0.0118
1103.00,0.0119
1102.00,0.0121
1101.00,0.0123
1100.00,0.0125
1099.00,0.0126
1098.00,0.0127
1097.00,0.0126
1096.00,0.0124
1095.00,0.0121
1094.00,0.0119
1093.00,0.0116
1092.00,0.0113
1091.00,0.0110
1090.00,0.0107
1089.00,0.0105
1088.00,0.0102
1087.00,0.0100
1086.00,0.0099
1085.00,0.0098
1084.00,0.0096
1083.00,0.0095
1082.00,0.0095
1081.00,0.0094
1080.00,0.0093
1079.00,0.0092
1078.00,0.0092
1077.00,0.0091
1076.00,0.0091
1075.00,0.0090
1074.00,0.0090
1073.00,0.0090
1072.00,0.0089
1071.00,0.0089
1070.00,0.0089
1069.00,0.0090
1068.00,0.0090
1067.00,0.0091
1066.00,0.0092
1065.00,0.0092
1064.00,0.0092
1063.00,0.0092
1062.00,0.0092
1061.00,0.0092
1060.00,0.0090
1059.00,0.0089
1058.00,0.0088
1057.00,0.0087
1056.00,0.0085
1055.00,0.0084
1054.00,0.0083
1053.00,0.0083
1052.00,0.0083
1051.00,0.0082
1050.00,0.0083
1049.00,0.0083
1048.00,0.0083
1047.00,0.0083
1046.00,0.0084
1045.00,0.0084
1044.00,0.0085
1043.00,0.0085
1042.00,0.0085
1041.00,0.0085
1040.00,0.0085
1039.00,0.0085
1038.00,0.0085
1037.00,0.0085
1036.00,0.0082
1035.00,0.0079
1034.00,0.0076
1033.00,0.0074
1032.00,0.0074
1031.00,0.0074
1030.00,0.0075
1029.00,0.0076
1028.00,0.0075
1027.00,0.0075
1026.00,0.0075
1025.00,0.0074
1024.00,0.0073
1023.00,0.0073
1022.00,0.0072
1021.00,0.0072
1020.00,0.0072
1019.00,0.0072
1018.00,0.0073
1017.00,0.0073
1016.00,0.0074
1015.00,0.0074
1014.00,0.0075
1013.00,0.0076
1012.00,0.0077
1011.00,0.0077
1010.00,0.0078
1009.00,0.0078
1008.00,0.0078
1007.00,0.0077
1006.00,0.0077
1005.00,0.0077
1004.00,0.0076
1003.00,0.0075
1002.00,0.0074
1001.00,0.0074
1000.00,0.0073
999.00,0.0073
998.00,0.0073
997.00,0.0072
996.00,0.0071
995.00,0.0071
994.00,0.0070
993.00,0.0070
992.00,0.0070
991.00,0.0071
990.00,0.0072
989.00,0.0073
988.00,0.0074
987.00,0.0075
986.00,0.0076
985.00,0.0077
984.00,0.0078
983.00,0.0079
982.00,0.0080
981.00,0.0081
980.00,0.0081
979.00,0.0081
978.00,0.0083
977.00,0.0084
976.00,0.0084
975.00,0.0085
974.00,0.0086
973.00,0.0087
972.00,0.0087
971.00,0.0086
970.00,0.0085
969.00,0.0084
968.00,0.0083
967.00,0.0081
966.00,0.0080
965.00,0.0078
964.00,0.0076
963.00,0.0075
962.00,0.0074
961.00,0.0074
960.00,0.0073
959.00,0.0073
958.00,0.0073
957.00,0.0073
956.00,0.0073
955.00,0.0074
954.00,0.0074
953.00,0.0075
952.00,0.0075
951.00,0.0076
950.00,0.0076
949.00,0.0077
948.00,0.0077
947.00,0.0078
946.00,0.0079
945.00,0.0080
944.00,0.0081
943.00,0.0083
942.00,0.0085
941.00,0.0088
940.00,0.0091
939.00,0.0093
938.00,0.0097
937.00,0.0100
936.00,0.0102
935.00,0.0103
934.00,0.0103
933.00,0.0102
932.00,0.0099
931.00,0.0095
930.00,0.0091
929.00,0.0088
928.00,0.0084
927.00,0.0081
926.00,0.0079
925.00,0.0076
924.00,0.0074
923.00,0.0073
922.00,0.0071
921.00,0.0070
920.00,0.0069
919.00,0.0068
918.00,0.0068
917.00,0.0068
916.00,0.0068
915.00,0.0068
914.00,0.0068
913.00,0.0068
912.00,0.0068
911.00,0.0069
910.00,0.0069
909.00,0.0070
908.00,0.0070
907.00,0.0069
906.00,0.0070
905.00,0.0070
904.00,0.0071
903.00,0.0071
902.00,0.0072
901.00,0.0073
900.00,0.0075
899.00,0.0077
898.00,0.0079
897.00,0.0081
896.00,0.0083
895.00,0.0083
894.00,0.0082
893.00,0.0080
892.00,0.0078
891.00,0.0077
890.00,0.0076
889.00,0.0075
888.00,0.0073
887.00,0.0071
886.00,0.0070
885.00,0.0070
884.00,0.0070
883.00,0.0070
882.00,0.0071
881.00,0.0072
880.00,0.0072
879.00,0.0073
878.00,0.0074
877.00,0.0075
876.00,0.0075
875.00,0.0075
874.00,0.0074
873.00,0.0073
872.00,0.0072
871.00,0.0071
870.00,0.0071
869.00,0.0071
868.00,0.0071
867.00,0.0070
866.00,0.0070
865.00,0.0070
864.00,0.0070
863.00,0.0069
862.00,0.0069
861.00,0.0069
860.00,0.0069
859.00,0.0068
858.00,0.0069
857.00,0.0069
856.00,0.0069
855.00,0.0068
854.00,0.0069
853.00,0.0069
852.00,0.0069
851.00,0.0069
850.00,0.0069
849.00,0.0069
848.00,0.0068
847.00,0.0068
846.00,0.0068
845.00,0.0068
844.00,0.0068
843.00,0.0068
842.00,0.0069
841.00,0.0069
840.00,0.0069
839.00,0.0069
838.00,0.0070
837.00,0.0070
836.00,0.0070
835.00,0.0070
834.00,0.0071
833.00,0.0072
832.00,0.0073
831.00,0.0072
830.00,0.0073
829.00,0.0073
828.00,0.0073
827.00,0.0073
826.00,0.0074
825.00,0.0075
824.00,0.0075
823.00,0.0075
822.00,0.0076
821.00,0.0076
820.00,0.0076
819.00,0.0076
818.00,0.0077
817.00,0.0077
816.00,0.0076
815.00,0.0076
814.00,0.0077
813.00,0.0077
812.00,0.0077
811.00,0.0077
810.00,0.0078
809.00,0.0078
808.00,0.0079
807.00,0.0079
806.00,0.0081
805.00,0.0082
804.00,0.0083
803.00,0.0084
802.00,0.0086
801.00,0.0088
800.00,0.0090
799.00,0.0092
798.00,0.0095
797.00,0.0099
796.00,0.0101
795.00,0.0104
794.00,0.0107
793.00,0.0110
792.00,0.0112
791.00,0.0114
790.00,0.0116
789.00,0.0118
788.00,0.0119
787.00,0.0119
786.00,0.0121
785.00,0.0121
784.00,0.0121
783.00,0.0122
782.00,0.0122
781.00,0.0123
780.00,0.0123
779.00,0.0123
778.00,0.0124
777.00,0.0125
776.00,0.0125
775.00,0.0126
774.00,0.0127
773.00,0.0128
772.00,0.0128
771.00,0.0127
770.00,0.0127
769.00,0.0127
768.00,0.0127
767.00,0.0127
766.00,0.0127
765.00,0.0128
764.00,0.0128
763.00,0.0127
762.00,0.0127
761.00,0.0127
760.00,0.0126
759.00,0.0126
758.00,0.0126
757.00,0.0127
756.00,0.0127
755.00,0.0128
754.00,0.0129
753.00,0.0130
752.00,0.0131
751.00,0.0132
750.00,0.0133
749.00,0.0135
748.00,0.0137
747.00,0.0138
746.00,0.0141
745.00,0.0143
744.00,0.0145
743.00,0.0147
742.00,0.0151
741.00,0.0154
740.00,0.0157
739.00,0.0160
738.00,0.0163
737.00,0.0167
736.00,0.0169
735.00,0.0172
734.00,0.0175
733.00,0.0178
732.00,0.0181
731.00,0.0184
730.00,0.0188
729.00,0.0192
728.00,0.0195
727.00,0.0199
726.00,0.0203
725.00,0.0208
724.00,0.0213
723.00,0.0218
722.00,0.0223
721.00,0.0228
720.00,0.0232
719.00,0.0236
718.00,0.0239
717.00,0.0242
716.00,0.0244
715.00,0.0244
714.00,0.0245
713.00,0.0245
712.00,0.0244
711.00,0.0243
710.00,0.0242
709.00,0.0240
708.00,0.0238
707.00,0.0235
706.00,0.0233
705.00,0.0231
704.00,0.0229
703.00,0.0227
702.00,0.0225
701.00,0.0223
700.00,0.0221
699.00,0.0219
698.00,0.0217
697.00,0.0216
696.00,0.0213
695.00,0.0210
694.00,0.0208
693.00,0.0206
692.00,0.0203
691.00,0.0201
690.00,0.0200
689.00,0.0199
688.00,0.0197
687.00,0.0196
686.00,0.0195
685.00,0.0195
684.00,0.0194
683.00,0.0193
682.00,0.0194
681.00,0.0194
680.00,0.0194
679.00,0.0194
678.00,0.0196
677.00,0.0197
676.00,0.0197
675.00,0.0197
674.00,0.0198
673.00,0.0197
672.00,0.0194
671.00,0.0188
670.00,0.0182
669.00,0.0174
668.00,0.0169
667.00,0.0174
666.00,0.0181
665.00,0.0187
664.00,0.0190
663.00,0.0191
662.00,0.0190
661.00,0.0189
660.00,0.0188
659.00,0.0187
658.00,0.0187
657.00,0.0188
656.00,0.0189
655.00,0.0190
654.00,0.0191
653.00,0.0193
652.00,0.0195
651.00,0.0198
650.00,0.0203
649.00,0.0208
648.00,0.0214
647.00,0.0220
646.00,0.0225
645.00,0.0230
644.00,0.0233
643.00,0.0234
642.00,0.0234
641.00,0.0233
640.00,0.0230
639.00,0.0227
638.00,0.0225
637.00,0.0222
636.00,0.0219
635.00,0.0217
634.00,0.0217
633.00,0.0217
632.00,0.0217
631.00,0.0218
630.00,0.0221
629.00,0.0223
628.00,0.0226
627.00,0.0229
626.00,0.0232
625.00,0.0235
624.00,0.0237
623.00,0.0239
622.00,0.0241
621.00,0.0243
620.00,0.0246
619.00,0.0247
618.00,0.0249
617.00,0.0251
616.00,0.0250
615.00,0.0249
614.00,0.0248
613.00,0.0247
612.00,0.0245
611.00,0.0243
610.00,0.0243
609.00,0.0243
608.00,0.0243
607.00,0.0244
606.00,0.0247
605.00,0.0251
604.00,0.0256
603.00,0.0262
602.00,0.0269
601.00,0.0275
600.00,0.0279
599.00,0.0283
598.00,0.0288
597.00,0.0292
596.00,0.0294
595.00,0.0295
594.00,0.0295
593.00,0.0293
592.00,0.0290
591.00,0.0285
590.00,0.0280
589.00,0.0275
588.00,0.0268
587.00,0.0260
586.00,0.0254
585.00,0.0249
584.00,0.0243
583.00,0.0237
582.00,0.0232
581.00,0.0228
580.00,0.0223
579.00,0.0218
578.00,0.0216
577.00,0.0214
576.00,0.0211
575.00,0.0209
574.00,0.0209
573.00,0.0209
572.00,0.0208
571.00,0.0207
570.00,0.0209
569.00,0.0212
568.00,0.0213
567.00,0.0213
566.00,0.0213
565.00,0.0212
564.00,0.0209
563.00,0.0206
562.00,0.0203
561.00,0.0201
560.00,0.0198
559.00,0.0195
558.00,0.0193
557.00,0.0190
556.00,0.0187
555.00,0.0184
554.00,0.0183
553.00,0.0182
552.00,0.0179
551.00,0.0177
550.00,0.0175
549.00,0.0174
548.00,0.0173
547.00,0.0171
546.00,0.0172
545.00,0.0173
544.00,0.0172
543.00,0.0171
542.00,0.0172
541.00,0.0174
540.00,0.0174
539.00,0.0174
538.00,0.0177
537.00,0.0179
536.00,0.0181
535.00,0.0181
534.00,0.0183
533.00,0.0184
532.00,0.0182
531.00,0.0180
530.00,0.0179
529.00,0.0177
528.00,0.0172
527.00,0.0168
526.00,0.0167
525.00,0.0168
524.00,0.0168
523.00,0.0167
522.00,0.0167
521.00,0.0167
520.00,0.0165
519.00,0.0162
518.00,0.0162
517.00,0.0161
516.00,0.0159
515.00,0.0158
514.00,0.0159
513.00,0.0160
512.00,0.0159
511.00,0.0156
510.00,0.0156
509.00,0.0155
508.00,0.0154
507.00,0.0154
506.00,0.0157
505.00,0.0161
504.00,0.0162
503.00,0.0163
502.00,0.0165
501.00,0.0168
500.00,0.0169
499.00,0.0170
498.00,0.0173
497.00,0.0175
496.00,0.0174
495.00,0.0172
494.00,0.0173
493.00,0.0173
492.00,0.0172
491.00,0.0170
490.00,0.0169
489.00,0.0167
488.00,0.0162
487.00,0.0158
486.00,0.0160
485.00,0.0163
484.00,0.0164
483.00,0.0163
482.00,0.0163
481.00,0.0162
480.00,0.0159
479.00,0.0157
478.00,0.0160
477.00,0.0164
476.00,0.0165
475.00,0.0164
474.00,0.0167
473.00,0.0169
472.00,0.0166
471.00,0.0164
470.00,0.0167
469.00,0.0171
468.00,0.0171
467.00,0.0170
466.00,0.0175
465.00,0.0180
464.00,0.0183
463.00,0.0186
462.00,0.0189
461.00,0.0191
460.00,0.0188
459.00,0.0189
458.00,0.0196
457.00,0.0200
456.00,0.0195
455.00,0.0189
454.00,0.0189
453.00,0.0191
452.00,0.0190
451.00,0.0189
450.00,0.0195
449.00,0.0201
448.00,0.0201
447.00,0.0201
446.00,0.0206
445.00,0.0213
444.00,0.0218
443.00,0.0225
442.00,0.0237
441.00,0.0246
440.00,0.0247
439.00,0.0244
438.00,0.0242
437.00,0.0236
436.00,0.0220
435.00,0.0204
434.00,0.0199
433.00,0.0200
432.00,0.0200
431.00,0.0198
430.00,0.0200
429.00,0.0201
428.00,0.0197
427.00,0.0194
426.00,0.0197
425.00,0.0199
424.00,0.0196
423.00,0.0194
422.00,0.0201
421.00,0.0204
420.00,0.0192
419.00,0.0177
418.00,0.0182
417.00,0.0194
416.00,0.0195
415.00,0.0191
414.00,0.0191
413.00,0.0188
412.00,0.0176
411.00,0.0166
410.00,0.0168
409.00,0.0173
408.00,0.0171
407.00,0.0172
406.00,0.0181
405.00,0.0187
404.00,0.0181
403.00,0.0177
402.00,0.0185
401.00,0.0191
400.00,0.0174
